ID do Acadêmico;ID do Professor;ID do Aluno
ACADÊMICO_1;PROFESSOR_1;
ACADÊMICO_2;PROFESSOR_2;
ACADÊMICO_3;PROFESSOR_3;
ACADÊMICO_4;PROFESSOR_4;
ACADÊMICO_5;PROFESSOR_5;
ACADÊMICO_6;PROFESSOR_6;
ACADÊMICO_7;PROFESSOR_7;
ACADÊMICO_8;PROFESSOR_8;
ACADÊMICO_9;PROFESSOR_9;
ACADÊMICO_10;PROFESSOR_10;
ACADÊMICO_11;PROFESSOR_11;
ACADÊMICO_12;PROFESSOR_12;
ACADÊMICO_13;PROFESSOR_13;
ACADÊMICO_14;PROFESSOR_14;
ACADÊMICO_15;PROFESSOR_15;
ACADÊMICO_16;PROFESSOR_16;
ACADÊMICO_17;PROFESSOR_17;
ACADÊMICO_18;PROFESSOR_18;
ACADÊMICO_19;PROFESSOR_19;
ACADÊMICO_20;PROFESSOR_20;
ACADÊMICO_21;PROFESSOR_21;
ACADÊMICO_22;PROFESSOR_22;
ACADÊMICO_23;PROFESSOR_23;
ACADÊMICO_24;PROFESSOR_24;
ACADÊMICO_25;PROFESSOR_25;
ACADÊMICO_26;PROFESSOR_26;
ACADÊMICO_27;PROFESSOR_27;
ACADÊMICO_28;PROFESSOR_28;
ACADÊMICO_29;PROFESSOR_29;
ACADÊMICO_30;PROFESSOR_30;
ACADÊMICO_31;PROFESSOR_31;
ACADÊMICO_32;PROFESSOR_32;
ACADÊMICO_33;PROFESSOR_33;
ACADÊMICO_34;PROFESSOR_34;
ACADÊMICO_35;PROFESSOR_35;
ACADÊMICO_36;PROFESSOR_36;
ACADÊMICO_37;PROFESSOR_37;
ACADÊMICO_38;PROFESSOR_38;
ACADÊMICO_39;PROFESSOR_39;
ACADÊMICO_40;PROFESSOR_40;
ACADÊMICO_41;PROFESSOR_41;
ACADÊMICO_42;PROFESSOR_42;
ACADÊMICO_43;PROFESSOR_43;
ACADÊMICO_44;PROFESSOR_44;
ACADÊMICO_45;PROFESSOR_45;
ACADÊMICO_46;PROFESSOR_46;
ACADÊMICO_47;PROFESSOR_47;
ACADÊMICO_48;PROFESSOR_48;
ACADÊMICO_49;PROFESSOR_49;
ACADÊMICO_50;PROFESSOR_50;
ACADÊMICO_51;PROFESSOR_51;
ACADÊMICO_52;PROFESSOR_52;
ACADÊMICO_53;PROFESSOR_53;
ACADÊMICO_54;PROFESSOR_54;
ACADÊMICO_55;PROFESSOR_55;
ACADÊMICO_56;PROFESSOR_56;
ACADÊMICO_57;PROFESSOR_57;
ACADÊMICO_58;PROFESSOR_58;
ACADÊMICO_59;PROFESSOR_59;
ACADÊMICO_60;PROFESSOR_60;
ACADÊMICO_61;PROFESSOR_61;
ACADÊMICO_62;PROFESSOR_62;
ACADÊMICO_63;PROFESSOR_63;
ACADÊMICO_64;PROFESSOR_64;
ACADÊMICO_65;PROFESSOR_65;
ACADÊMICO_66;PROFESSOR_66;
ACADÊMICO_67;PROFESSOR_67;
ACADÊMICO_68;PROFESSOR_68;
ACADÊMICO_69;PROFESSOR_69;
ACADÊMICO_70;PROFESSOR_70;
ACADÊMICO_71;PROFESSOR_71;
ACADÊMICO_72;PROFESSOR_72;
ACADÊMICO_73;PROFESSOR_73;
ACADÊMICO_74;PROFESSOR_74;
ACADÊMICO_75;PROFESSOR_75;
ACADÊMICO_76;PROFESSOR_76;
ACADÊMICO_77;PROFESSOR_77;
ACADÊMICO_78;PROFESSOR_78;
ACADÊMICO_79;PROFESSOR_79;
ACADÊMICO_80;PROFESSOR_80;
ACADÊMICO_81;PROFESSOR_81;
ACADÊMICO_82;PROFESSOR_82;
ACADÊMICO_83;PROFESSOR_83;
ACADÊMICO_84;PROFESSOR_84;
ACADÊMICO_85;PROFESSOR_85;
ACADÊMICO_86;PROFESSOR_86;
ACADÊMICO_87;PROFESSOR_87;
ACADÊMICO_88;PROFESSOR_88;
ACADÊMICO_89;PROFESSOR_89;
ACADÊMICO_90;PROFESSOR_90;
ACADÊMICO_91;PROFESSOR_91;
ACADÊMICO_92;PROFESSOR_92;
ACADÊMICO_93;PROFESSOR_93;
ACADÊMICO_94;PROFESSOR_94;
ACADÊMICO_95;PROFESSOR_95;
ACADÊMICO_96;PROFESSOR_96;
ACADÊMICO_97;PROFESSOR_97;
ACADÊMICO_98;PROFESSOR_98;
ACADÊMICO_99;PROFESSOR_99;
ACADÊMICO_100;PROFESSOR_100;
ACADÊMICO_101;PROFESSOR_101;
ACADÊMICO_102;PROFESSOR_102;
ACADÊMICO_103;PROFESSOR_103;
ACADÊMICO_104;PROFESSOR_104;
ACADÊMICO_105;PROFESSOR_105;
ACADÊMICO_106;PROFESSOR_106;
ACADÊMICO_107;PROFESSOR_107;
ACADÊMICO_108;PROFESSOR_108;
ACADÊMICO_109;PROFESSOR_109;
ACADÊMICO_110;PROFESSOR_110;
ACADÊMICO_111;PROFESSOR_111;
ACADÊMICO_112;PROFESSOR_112;
ACADÊMICO_113;PROFESSOR_113;
ACADÊMICO_114;PROFESSOR_114;
ACADÊMICO_115;PROFESSOR_115;
ACADÊMICO_116;PROFESSOR_116;
ACADÊMICO_117;PROFESSOR_117;
ACADÊMICO_118;PROFESSOR_118;
ACADÊMICO_119;PROFESSOR_119;
ACADÊMICO_120;PROFESSOR_120;
ACADÊMICO_121;PROFESSOR_121;
ACADÊMICO_122;PROFESSOR_122;
ACADÊMICO_123;PROFESSOR_123;
ACADÊMICO_124;PROFESSOR_124;
ACADÊMICO_125;PROFESSOR_125;
ACADÊMICO_126;PROFESSOR_126;
ACADÊMICO_127;PROFESSOR_127;
ACADÊMICO_128;PROFESSOR_128;
ACADÊMICO_129;PROFESSOR_129;
ACADÊMICO_130;PROFESSOR_130;
ACADÊMICO_131;PROFESSOR_131;
ACADÊMICO_132;PROFESSOR_132;
ACADÊMICO_133;PROFESSOR_133;
ACADÊMICO_134;PROFESSOR_134;
ACADÊMICO_135;PROFESSOR_135;
ACADÊMICO_136;PROFESSOR_136;
ACADÊMICO_137;PROFESSOR_137;
ACADÊMICO_138;PROFESSOR_138;
ACADÊMICO_139;PROFESSOR_139;
ACADÊMICO_140;PROFESSOR_140;
ACADÊMICO_141;PROFESSOR_141;
ACADÊMICO_142;PROFESSOR_142;
ACADÊMICO_143;PROFESSOR_143;
ACADÊMICO_144;PROFESSOR_144;
ACADÊMICO_145;PROFESSOR_145;
ACADÊMICO_146;PROFESSOR_146;
ACADÊMICO_147;PROFESSOR_147;
ACADÊMICO_148;PROFESSOR_148;
ACADÊMICO_149;PROFESSOR_149;
ACADÊMICO_150;PROFESSOR_150;
ACADÊMICO_151;PROFESSOR_151;
ACADÊMICO_152;PROFESSOR_152;
ACADÊMICO_153;PROFESSOR_153;
ACADÊMICO_154;PROFESSOR_154;
ACADÊMICO_155;PROFESSOR_155;
ACADÊMICO_156;PROFESSOR_156;
ACADÊMICO_157;PROFESSOR_157;
ACADÊMICO_158;PROFESSOR_158;
ACADÊMICO_159;PROFESSOR_159;
ACADÊMICO_160;PROFESSOR_160;
ACADÊMICO_161;PROFESSOR_161;
ACADÊMICO_162;PROFESSOR_162;
ACADÊMICO_163;PROFESSOR_163;
ACADÊMICO_164;PROFESSOR_164;
ACADÊMICO_165;;ALUNO_1
ACADÊMICO_166;;ALUNO_2
ACADÊMICO_167;;ALUNO_3
ACADÊMICO_168;;ALUNO_4
ACADÊMICO_169;;ALUNO_5
ACADÊMICO_170;;ALUNO_6
ACADÊMICO_171;;ALUNO_7
ACADÊMICO_172;;ALUNO_8
ACADÊMICO_173;;ALUNO_9
ACADÊMICO_174;;ALUNO_10
ACADÊMICO_175;;ALUNO_11
ACADÊMICO_176;;ALUNO_12
ACADÊMICO_177;;ALUNO_13
ACADÊMICO_178;;ALUNO_14
ACADÊMICO_179;;ALUNO_15
ACADÊMICO_180;;ALUNO_16
ACADÊMICO_181;;ALUNO_17
ACADÊMICO_182;;ALUNO_18
ACADÊMICO_183;;ALUNO_19
ACADÊMICO_184;;ALUNO_20
ACADÊMICO_185;;ALUNO_21
ACADÊMICO_186;;ALUNO_22
ACADÊMICO_187;;ALUNO_23
ACADÊMICO_188;;ALUNO_24
ACADÊMICO_189;;ALUNO_25
ACADÊMICO_190;;ALUNO_26
ACADÊMICO_191;;ALUNO_27
ACADÊMICO_192;;ALUNO_28
ACADÊMICO_193;;ALUNO_29
ACADÊMICO_194;;ALUNO_30
ACADÊMICO_195;;ALUNO_31
ACADÊMICO_196;;ALUNO_32
ACADÊMICO_197;;ALUNO_33
ACADÊMICO_198;;ALUNO_34
ACADÊMICO_199;;ALUNO_35
ACADÊMICO_200;;ALUNO_36
ACADÊMICO_201;;ALUNO_37
ACADÊMICO_202;;ALUNO_38
ACADÊMICO_203;;ALUNO_39
ACADÊMICO_204;;ALUNO_40
ACADÊMICO_205;;ALUNO_41
ACADÊMICO_206;;ALUNO_42
ACADÊMICO_207;;ALUNO_43
ACADÊMICO_208;;ALUNO_44
ACADÊMICO_209;;ALUNO_45
ACADÊMICO_210;;ALUNO_46
ACADÊMICO_211;;ALUNO_47
ACADÊMICO_212;;ALUNO_48
ACADÊMICO_213;;ALUNO_49
ACADÊMICO_214;;ALUNO_50
ACADÊMICO_215;;ALUNO_51
ACADÊMICO_216;;ALUNO_52
ACADÊMICO_217;;ALUNO_53
ACADÊMICO_218;;ALUNO_54
ACADÊMICO_219;;ALUNO_55
ACADÊMICO_220;;ALUNO_56
ACADÊMICO_221;;ALUNO_57
ACADÊMICO_222;;ALUNO_58
ACADÊMICO_223;;ALUNO_59
ACADÊMICO_224;;ALUNO_60
ACADÊMICO_225;;ALUNO_61
ACADÊMICO_226;;ALUNO_62
ACADÊMICO_227;;ALUNO_63
ACADÊMICO_228;;ALUNO_64
ACADÊMICO_229;;ALUNO_65
ACADÊMICO_230;;ALUNO_66
ACADÊMICO_231;;ALUNO_67
ACADÊMICO_232;;ALUNO_68
ACADÊMICO_233;;ALUNO_69
ACADÊMICO_234;;ALUNO_70
ACADÊMICO_235;;ALUNO_71
ACADÊMICO_236;;ALUNO_72
ACADÊMICO_237;;ALUNO_73
ACADÊMICO_238;;ALUNO_74
ACADÊMICO_239;;ALUNO_75
ACADÊMICO_240;;ALUNO_76
ACADÊMICO_241;;ALUNO_77
ACADÊMICO_242;;ALUNO_78
ACADÊMICO_243;;ALUNO_79
ACADÊMICO_244;;ALUNO_80
ACADÊMICO_245;;ALUNO_81
ACADÊMICO_246;;ALUNO_82
ACADÊMICO_247;;ALUNO_83
ACADÊMICO_248;;ALUNO_84
ACADÊMICO_249;;ALUNO_85
ACADÊMICO_250;;ALUNO_86
ACADÊMICO_251;;ALUNO_87
ACADÊMICO_252;;ALUNO_88
ACADÊMICO_253;;ALUNO_89
ACADÊMICO_254;;ALUNO_90
ACADÊMICO_255;;ALUNO_91
ACADÊMICO_256;;ALUNO_92
ACADÊMICO_257;;ALUNO_93
ACADÊMICO_258;;ALUNO_94
ACADÊMICO_259;;ALUNO_95
ACADÊMICO_260;;ALUNO_96
ACADÊMICO_261;;ALUNO_97
ACADÊMICO_262;;ALUNO_98
ACADÊMICO_263;;ALUNO_99
ACADÊMICO_264;;ALUNO_100
ACADÊMICO_265;;ALUNO_101
ACADÊMICO_266;;ALUNO_102
ACADÊMICO_267;;ALUNO_103
ACADÊMICO_268;;ALUNO_104
ACADÊMICO_269;;ALUNO_105
ACADÊMICO_270;;ALUNO_106
ACADÊMICO_271;;ALUNO_107
ACADÊMICO_272;;ALUNO_108
ACADÊMICO_273;;ALUNO_109
ACADÊMICO_274;;ALUNO_110
ACADÊMICO_275;;ALUNO_111
ACADÊMICO_276;;ALUNO_112
ACADÊMICO_277;;ALUNO_113
ACADÊMICO_278;;ALUNO_114
ACADÊMICO_279;;ALUNO_115
ACADÊMICO_280;;ALUNO_116
ACADÊMICO_281;;ALUNO_117
ACADÊMICO_282;;ALUNO_118
ACADÊMICO_283;;ALUNO_119
ACADÊMICO_284;;ALUNO_120
ACADÊMICO_285;;ALUNO_121
ACADÊMICO_286;;ALUNO_122
ACADÊMICO_287;;ALUNO_123
ACADÊMICO_288;;ALUNO_124
ACADÊMICO_289;;ALUNO_125
ACADÊMICO_290;;ALUNO_126
ACADÊMICO_291;;ALUNO_127
ACADÊMICO_292;;ALUNO_128
ACADÊMICO_293;;ALUNO_129
ACADÊMICO_294;;ALUNO_130
ACADÊMICO_295;;ALUNO_131
ACADÊMICO_296;;ALUNO_132
ACADÊMICO_297;;ALUNO_133
ACADÊMICO_298;;ALUNO_134
ACADÊMICO_299;;ALUNO_135
ACADÊMICO_300;;ALUNO_136
ACADÊMICO_301;;ALUNO_137
ACADÊMICO_302;;ALUNO_138
ACADÊMICO_303;;ALUNO_139
ACADÊMICO_304;;ALUNO_140
ACADÊMICO_305;;ALUNO_141
ACADÊMICO_306;;ALUNO_142
ACADÊMICO_307;;ALUNO_143
ACADÊMICO_308;;ALUNO_144
ACADÊMICO_309;;ALUNO_145
ACADÊMICO_310;;ALUNO_146
ACADÊMICO_311;;ALUNO_147
ACADÊMICO_312;;ALUNO_148
ACADÊMICO_313;;ALUNO_149
ACADÊMICO_314;;ALUNO_150
ACADÊMICO_315;;ALUNO_151
ACADÊMICO_316;;ALUNO_152
ACADÊMICO_317;;ALUNO_153
ACADÊMICO_318;;ALUNO_154
ACADÊMICO_319;;ALUNO_155
ACADÊMICO_320;;ALUNO_156
ACADÊMICO_321;;ALUNO_157
ACADÊMICO_322;;ALUNO_158
ACADÊMICO_323;;ALUNO_159
ACADÊMICO_324;;ALUNO_160
ACADÊMICO_325;;ALUNO_161
ACADÊMICO_326;;ALUNO_162
ACADÊMICO_327;;ALUNO_163
ACADÊMICO_328;;ALUNO_164
ACADÊMICO_329;;ALUNO_165
ACADÊMICO_330;;ALUNO_166
ACADÊMICO_331;;ALUNO_167
ACADÊMICO_332;;ALUNO_168
ACADÊMICO_333;;ALUNO_169
ACADÊMICO_334;;ALUNO_170
ACADÊMICO_335;;ALUNO_171
ACADÊMICO_336;;ALUNO_172
ACADÊMICO_337;;ALUNO_173
ACADÊMICO_338;;ALUNO_174
ACADÊMICO_339;;ALUNO_175
ACADÊMICO_340;;ALUNO_176
ACADÊMICO_341;;ALUNO_177
ACADÊMICO_342;;ALUNO_178
ACADÊMICO_343;;ALUNO_179
ACADÊMICO_344;;ALUNO_180
ACADÊMICO_345;;ALUNO_181
ACADÊMICO_346;;ALUNO_182
ACADÊMICO_347;;ALUNO_183
ACADÊMICO_348;;ALUNO_184
ACADÊMICO_349;;ALUNO_185
ACADÊMICO_350;;ALUNO_186
ACADÊMICO_351;;ALUNO_187
ACADÊMICO_352;;ALUNO_188
ACADÊMICO_353;;ALUNO_189
ACADÊMICO_354;;ALUNO_190
ACADÊMICO_355;;ALUNO_191
ACADÊMICO_356;;ALUNO_192
ACADÊMICO_357;;ALUNO_193
ACADÊMICO_358;;ALUNO_194
ACADÊMICO_359;;ALUNO_195
ACADÊMICO_360;;ALUNO_196
ACADÊMICO_361;;ALUNO_197
ACADÊMICO_362;;ALUNO_198
ACADÊMICO_363;;ALUNO_199
ACADÊMICO_364;;ALUNO_200
ACADÊMICO_365;;ALUNO_201
ACADÊMICO_366;;ALUNO_202
ACADÊMICO_367;;ALUNO_203
ACADÊMICO_368;;ALUNO_204
ACADÊMICO_369;;ALUNO_205
ACADÊMICO_370;;ALUNO_206
ACADÊMICO_371;;ALUNO_207
ACADÊMICO_372;;ALUNO_208
ACADÊMICO_373;;ALUNO_209
ACADÊMICO_374;;ALUNO_210
ACADÊMICO_375;;ALUNO_211
ACADÊMICO_376;;ALUNO_212
ACADÊMICO_377;;ALUNO_213
ACADÊMICO_378;;ALUNO_214
ACADÊMICO_379;;ALUNO_215
ACADÊMICO_380;;ALUNO_216
ACADÊMICO_381;;ALUNO_217
ACADÊMICO_382;;ALUNO_218
ACADÊMICO_383;;ALUNO_219
ACADÊMICO_384;;ALUNO_220
ACADÊMICO_385;;ALUNO_221
ACADÊMICO_386;;ALUNO_222
ACADÊMICO_387;;ALUNO_223
ACADÊMICO_388;;ALUNO_224
ACADÊMICO_389;;ALUNO_225
ACADÊMICO_390;;ALUNO_226
ACADÊMICO_391;;ALUNO_227
ACADÊMICO_392;;ALUNO_228
ACADÊMICO_393;;ALUNO_229
ACADÊMICO_394;;ALUNO_230
ACADÊMICO_395;;ALUNO_231
ACADÊMICO_396;;ALUNO_232
ACADÊMICO_397;;ALUNO_233
ACADÊMICO_398;;ALUNO_234
ACADÊMICO_399;;ALUNO_235
ACADÊMICO_400;;ALUNO_236
ACADÊMICO_401;;ALUNO_237
ACADÊMICO_402;;ALUNO_238
ACADÊMICO_403;;ALUNO_239
ACADÊMICO_404;;ALUNO_240
ACADÊMICO_405;;ALUNO_241
ACADÊMICO_406;;ALUNO_242
ACADÊMICO_407;;ALUNO_243
ACADÊMICO_408;;ALUNO_244
ACADÊMICO_409;;ALUNO_245
ACADÊMICO_410;;ALUNO_246
ACADÊMICO_411;;ALUNO_247
ACADÊMICO_412;;ALUNO_248
ACADÊMICO_413;;ALUNO_249
ACADÊMICO_414;;ALUNO_250
ACADÊMICO_415;;ALUNO_251
ACADÊMICO_416;;ALUNO_252
ACADÊMICO_417;;ALUNO_253
ACADÊMICO_418;;ALUNO_254
ACADÊMICO_419;;ALUNO_255
ACADÊMICO_420;;ALUNO_256
ACADÊMICO_421;;ALUNO_257
ACADÊMICO_422;;ALUNO_258
ACADÊMICO_423;;ALUNO_259
ACADÊMICO_424;;ALUNO_260
ACADÊMICO_425;;ALUNO_261
ACADÊMICO_426;;ALUNO_262
ACADÊMICO_427;;ALUNO_263
ACADÊMICO_428;;ALUNO_264
ACADÊMICO_429;;ALUNO_265
ACADÊMICO_430;;ALUNO_266
ACADÊMICO_431;;ALUNO_267
ACADÊMICO_432;;ALUNO_268
ACADÊMICO_433;;ALUNO_269
ACADÊMICO_434;;ALUNO_270
ACADÊMICO_435;;ALUNO_271
ACADÊMICO_436;;ALUNO_272
ACADÊMICO_437;;ALUNO_273
ACADÊMICO_438;;ALUNO_274
ACADÊMICO_439;;ALUNO_275
ACADÊMICO_440;;ALUNO_276
ACADÊMICO_441;;ALUNO_277
ACADÊMICO_442;;ALUNO_278
ACADÊMICO_443;;ALUNO_279
ACADÊMICO_444;;ALUNO_280
ACADÊMICO_445;;ALUNO_281
ACADÊMICO_446;;ALUNO_282
ACADÊMICO_447;;ALUNO_283
ACADÊMICO_448;;ALUNO_284
ACADÊMICO_449;;ALUNO_285
ACADÊMICO_450;;ALUNO_286
ACADÊMICO_451;;ALUNO_287
ACADÊMICO_452;;ALUNO_288
ACADÊMICO_453;;ALUNO_289
ACADÊMICO_454;;ALUNO_290
ACADÊMICO_455;;ALUNO_291
ACADÊMICO_456;;ALUNO_292
ACADÊMICO_457;;ALUNO_293
ACADÊMICO_458;;ALUNO_294
ACADÊMICO_459;;ALUNO_295
ACADÊMICO_460;;ALUNO_296
ACADÊMICO_461;;ALUNO_297
ACADÊMICO_462;;ALUNO_298
ACADÊMICO_463;;ALUNO_299
ACADÊMICO_464;;ALUNO_300
ACADÊMICO_465;;ALUNO_301
ACADÊMICO_466;;ALUNO_302
ACADÊMICO_467;;ALUNO_303
ACADÊMICO_468;;ALUNO_304
ACADÊMICO_469;;ALUNO_305
ACADÊMICO_470;;ALUNO_306
ACADÊMICO_471;;ALUNO_307
ACADÊMICO_472;;ALUNO_308
ACADÊMICO_473;;ALUNO_309
ACADÊMICO_474;;ALUNO_310
ACADÊMICO_475;;ALUNO_311
ACADÊMICO_476;;ALUNO_312
ACADÊMICO_477;;ALUNO_313
ACADÊMICO_478;;ALUNO_314
ACADÊMICO_479;;ALUNO_315
ACADÊMICO_480;;ALUNO_316
ACADÊMICO_481;;ALUNO_317
ACADÊMICO_482;;ALUNO_318
ACADÊMICO_483;;ALUNO_319
ACADÊMICO_484;;ALUNO_320
ACADÊMICO_485;;ALUNO_321
ACADÊMICO_486;;ALUNO_322
ACADÊMICO_487;;ALUNO_323
ACADÊMICO_488;;ALUNO_324
ACADÊMICO_489;;ALUNO_325
ACADÊMICO_490;;ALUNO_326
ACADÊMICO_491;;ALUNO_327
ACADÊMICO_492;;ALUNO_328
ACADÊMICO_493;;ALUNO_329
ACADÊMICO_494;;ALUNO_330
ACADÊMICO_495;;ALUNO_331
ACADÊMICO_496;;ALUNO_332
ACADÊMICO_497;;ALUNO_333
ACADÊMICO_498;;ALUNO_334
ACADÊMICO_499;;ALUNO_335
ACADÊMICO_500;;ALUNO_336
ACADÊMICO_501;;ALUNO_337
ACADÊMICO_502;;ALUNO_338
ACADÊMICO_503;;ALUNO_339
ACADÊMICO_504;;ALUNO_340
ACADÊMICO_505;;ALUNO_341
ACADÊMICO_506;;ALUNO_342
ACADÊMICO_507;;ALUNO_343
ACADÊMICO_508;;ALUNO_344
ACADÊMICO_509;;ALUNO_345
ACADÊMICO_510;;ALUNO_346
ACADÊMICO_511;;ALUNO_347
ACADÊMICO_512;;ALUNO_348
ACADÊMICO_513;;ALUNO_349
ACADÊMICO_514;;ALUNO_350
ACADÊMICO_515;;ALUNO_351
ACADÊMICO_516;;ALUNO_352
ACADÊMICO_517;;ALUNO_353
ACADÊMICO_518;;ALUNO_354
ACADÊMICO_519;;ALUNO_355
ACADÊMICO_520;;ALUNO_356
ACADÊMICO_521;;ALUNO_357
ACADÊMICO_522;;ALUNO_358
ACADÊMICO_523;;ALUNO_359
ACADÊMICO_524;;ALUNO_360
ACADÊMICO_525;;ALUNO_361
ACADÊMICO_526;;ALUNO_362
ACADÊMICO_527;;ALUNO_363
ACADÊMICO_528;;ALUNO_364
ACADÊMICO_529;;ALUNO_365
ACADÊMICO_530;;ALUNO_366
ACADÊMICO_531;;ALUNO_367
ACADÊMICO_532;;ALUNO_368
ACADÊMICO_533;;ALUNO_369
ACADÊMICO_534;;ALUNO_370
ACADÊMICO_535;;ALUNO_371
ACADÊMICO_536;;ALUNO_372
ACADÊMICO_537;;ALUNO_373
ACADÊMICO_538;;ALUNO_374
ACADÊMICO_539;;ALUNO_375
ACADÊMICO_540;;ALUNO_376
ACADÊMICO_541;;ALUNO_377
ACADÊMICO_542;;ALUNO_378
ACADÊMICO_543;;ALUNO_379
ACADÊMICO_544;;ALUNO_380
ACADÊMICO_545;;ALUNO_381
ACADÊMICO_546;;ALUNO_382
ACADÊMICO_547;;ALUNO_383
ACADÊMICO_548;;ALUNO_384
ACADÊMICO_549;;ALUNO_385
ACADÊMICO_550;;ALUNO_386
ACADÊMICO_551;;ALUNO_387
ACADÊMICO_552;;ALUNO_388
ACADÊMICO_553;;ALUNO_389
ACADÊMICO_554;;ALUNO_390
ACADÊMICO_555;;ALUNO_391
ACADÊMICO_556;;ALUNO_392
ACADÊMICO_557;;ALUNO_393
ACADÊMICO_558;;ALUNO_394
ACADÊMICO_559;;ALUNO_395
ACADÊMICO_560;;ALUNO_396
ACADÊMICO_561;;ALUNO_397
ACADÊMICO_562;;ALUNO_398
ACADÊMICO_563;;ALUNO_399
ACADÊMICO_564;;ALUNO_400
ACADÊMICO_565;;ALUNO_401
ACADÊMICO_566;;ALUNO_402
ACADÊMICO_567;;ALUNO_403
ACADÊMICO_568;;ALUNO_404
ACADÊMICO_569;;ALUNO_405
ACADÊMICO_570;;ALUNO_406
ACADÊMICO_571;;ALUNO_407
ACADÊMICO_572;;ALUNO_408
ACADÊMICO_573;;ALUNO_409
ACADÊMICO_574;;ALUNO_410
ACADÊMICO_575;;ALUNO_411
ACADÊMICO_576;;ALUNO_412
ACADÊMICO_577;;ALUNO_413
ACADÊMICO_578;;ALUNO_414
ACADÊMICO_579;;ALUNO_415
ACADÊMICO_580;;ALUNO_416
ACADÊMICO_581;;ALUNO_417
ACADÊMICO_582;;ALUNO_418
ACADÊMICO_583;;ALUNO_419
ACADÊMICO_584;;ALUNO_420
ACADÊMICO_585;;ALUNO_421
ACADÊMICO_586;;ALUNO_422
ACADÊMICO_587;;ALUNO_423
ACADÊMICO_588;;ALUNO_424
ACADÊMICO_589;;ALUNO_425
ACADÊMICO_590;;ALUNO_426
ACADÊMICO_591;;ALUNO_427
ACADÊMICO_592;;ALUNO_428
ACADÊMICO_593;;ALUNO_429
ACADÊMICO_594;;ALUNO_430
ACADÊMICO_595;;ALUNO_431
ACADÊMICO_596;;ALUNO_432
ACADÊMICO_597;;ALUNO_433
ACADÊMICO_598;;ALUNO_434
ACADÊMICO_599;;ALUNO_435
ACADÊMICO_600;;ALUNO_436
ACADÊMICO_601;;ALUNO_437
ACADÊMICO_602;;ALUNO_438
ACADÊMICO_603;;ALUNO_439
ACADÊMICO_604;;ALUNO_440
ACADÊMICO_605;;ALUNO_441
ACADÊMICO_606;;ALUNO_442
ACADÊMICO_607;;ALUNO_443
ACADÊMICO_608;;ALUNO_444
ACADÊMICO_609;;ALUNO_445
ACADÊMICO_610;;ALUNO_446
ACADÊMICO_611;;ALUNO_447
ACADÊMICO_612;;ALUNO_448
ACADÊMICO_613;;ALUNO_449
ACADÊMICO_614;;ALUNO_450
ACADÊMICO_615;;ALUNO_451
ACADÊMICO_616;;ALUNO_452
ACADÊMICO_617;;ALUNO_453
ACADÊMICO_618;;ALUNO_454
ACADÊMICO_619;;ALUNO_455
ACADÊMICO_620;;ALUNO_456
ACADÊMICO_621;;ALUNO_457
ACADÊMICO_622;;ALUNO_458
ACADÊMICO_623;;ALUNO_459
ACADÊMICO_624;;ALUNO_460
ACADÊMICO_625;;ALUNO_461
ACADÊMICO_626;;ALUNO_462
ACADÊMICO_627;;ALUNO_463
ACADÊMICO_628;;ALUNO_464
ACADÊMICO_629;;ALUNO_465
ACADÊMICO_630;;ALUNO_466
ACADÊMICO_631;;ALUNO_467
ACADÊMICO_632;;ALUNO_468
ACADÊMICO_633;;ALUNO_469
ACADÊMICO_634;;ALUNO_470
ACADÊMICO_635;;ALUNO_471
ACADÊMICO_636;;ALUNO_472
ACADÊMICO_637;;ALUNO_473
ACADÊMICO_638;;ALUNO_474
ACADÊMICO_639;;ALUNO_475
ACADÊMICO_640;;ALUNO_476
ACADÊMICO_641;;ALUNO_477
ACADÊMICO_642;;ALUNO_478
ACADÊMICO_643;;ALUNO_479
ACADÊMICO_644;;ALUNO_480
ACADÊMICO_645;;ALUNO_481
ACADÊMICO_646;;ALUNO_482
ACADÊMICO_647;;ALUNO_483
ACADÊMICO_648;;ALUNO_484
ACADÊMICO_649;;ALUNO_485
ACADÊMICO_650;;ALUNO_486
ACADÊMICO_651;;ALUNO_487
ACADÊMICO_652;;ALUNO_488
ACADÊMICO_653;;ALUNO_489
ACADÊMICO_654;;ALUNO_490
ACADÊMICO_655;;ALUNO_491
ACADÊMICO_656;;ALUNO_492
ACADÊMICO_657;;ALUNO_493
ACADÊMICO_658;;ALUNO_494
ACADÊMICO_659;;ALUNO_495
ACADÊMICO_660;;ALUNO_496
ACADÊMICO_661;;ALUNO_497
ACADÊMICO_662;;ALUNO_498
ACADÊMICO_663;;ALUNO_499
ACADÊMICO_664;;ALUNO_500
ACADÊMICO_665;;ALUNO_501
ACADÊMICO_666;;ALUNO_502
ACADÊMICO_667;;ALUNO_503
ACADÊMICO_668;;ALUNO_504
ACADÊMICO_669;;ALUNO_505
ACADÊMICO_670;;ALUNO_506
ACADÊMICO_671;;ALUNO_507
ACADÊMICO_672;;ALUNO_508
ACADÊMICO_673;;ALUNO_509
ACADÊMICO_674;;ALUNO_510
ACADÊMICO_675;;ALUNO_511
ACADÊMICO_676;;ALUNO_512
ACADÊMICO_677;;ALUNO_513
ACADÊMICO_678;;ALUNO_514
ACADÊMICO_679;;ALUNO_515
ACADÊMICO_680;;ALUNO_516
ACADÊMICO_681;;ALUNO_517
ACADÊMICO_682;;ALUNO_518
ACADÊMICO_683;;ALUNO_519
ACADÊMICO_684;;ALUNO_520
ACADÊMICO_685;;ALUNO_521
ACADÊMICO_686;;ALUNO_522
ACADÊMICO_687;;ALUNO_523
ACADÊMICO_688;;ALUNO_524
ACADÊMICO_689;;ALUNO_525
ACADÊMICO_690;;ALUNO_526
ACADÊMICO_691;;ALUNO_527
ACADÊMICO_692;;ALUNO_528
ACADÊMICO_693;;ALUNO_529
ACADÊMICO_694;;ALUNO_530
ACADÊMICO_695;;ALUNO_531
ACADÊMICO_696;;ALUNO_532
ACADÊMICO_697;;ALUNO_533
ACADÊMICO_698;;ALUNO_534
ACADÊMICO_699;;ALUNO_535
ACADÊMICO_700;;ALUNO_536
ACADÊMICO_701;;ALUNO_537
ACADÊMICO_702;;ALUNO_538
ACADÊMICO_703;;ALUNO_539
ACADÊMICO_704;;ALUNO_540
ACADÊMICO_705;;ALUNO_541
ACADÊMICO_706;;ALUNO_542
ACADÊMICO_707;;ALUNO_543
ACADÊMICO_708;;ALUNO_544
ACADÊMICO_709;;ALUNO_545
ACADÊMICO_710;;ALUNO_546
ACADÊMICO_711;;ALUNO_547
ACADÊMICO_712;;ALUNO_548
ACADÊMICO_713;;ALUNO_549
ACADÊMICO_714;;ALUNO_550
ACADÊMICO_715;;ALUNO_551
ACADÊMICO_716;;ALUNO_552
ACADÊMICO_717;;ALUNO_553
ACADÊMICO_718;;ALUNO_554
ACADÊMICO_719;;ALUNO_555
ACADÊMICO_720;;ALUNO_556
ACADÊMICO_721;;ALUNO_557
ACADÊMICO_722;;ALUNO_558
ACADÊMICO_723;;ALUNO_559
ACADÊMICO_724;;ALUNO_560
ACADÊMICO_725;;ALUNO_561
ACADÊMICO_726;;ALUNO_562
ACADÊMICO_727;;ALUNO_563
ACADÊMICO_728;;ALUNO_564
ACADÊMICO_729;;ALUNO_565
ACADÊMICO_730;;ALUNO_566
ACADÊMICO_731;;ALUNO_567
ACADÊMICO_732;;ALUNO_568
ACADÊMICO_733;;ALUNO_569
ACADÊMICO_734;;ALUNO_570
ACADÊMICO_735;;ALUNO_571
ACADÊMICO_736;;ALUNO_572
ACADÊMICO_737;;ALUNO_573
ACADÊMICO_738;;ALUNO_574
ACADÊMICO_739;;ALUNO_575
ACADÊMICO_740;;ALUNO_576
ACADÊMICO_741;;ALUNO_577
ACADÊMICO_742;;ALUNO_578
ACADÊMICO_743;;ALUNO_579
ACADÊMICO_744;;ALUNO_580
ACADÊMICO_745;;ALUNO_581
ACADÊMICO_746;;ALUNO_582
ACADÊMICO_747;;ALUNO_583
ACADÊMICO_748;;ALUNO_584
ACADÊMICO_749;;ALUNO_585
ACADÊMICO_750;;ALUNO_586
ACADÊMICO_751;;ALUNO_587
ACADÊMICO_752;;ALUNO_588
ACADÊMICO_753;;ALUNO_589
ACADÊMICO_754;;ALUNO_590
ACADÊMICO_755;;ALUNO_591
ACADÊMICO_756;;ALUNO_592
ACADÊMICO_757;;ALUNO_593
ACADÊMICO_758;;ALUNO_594
ACADÊMICO_759;;ALUNO_595
ACADÊMICO_760;;ALUNO_596
ACADÊMICO_761;;ALUNO_597
ACADÊMICO_762;;ALUNO_598
ACADÊMICO_763;;ALUNO_599
ACADÊMICO_764;;ALUNO_600
ACADÊMICO_765;;ALUNO_601
ACADÊMICO_766;;ALUNO_602
ACADÊMICO_767;;ALUNO_603
ACADÊMICO_768;;ALUNO_604
ACADÊMICO_769;;ALUNO_605
ACADÊMICO_770;;ALUNO_606
ACADÊMICO_771;;ALUNO_607
ACADÊMICO_772;;ALUNO_608
ACADÊMICO_773;;ALUNO_609
ACADÊMICO_774;;ALUNO_610
ACADÊMICO_775;;ALUNO_611
ACADÊMICO_776;;ALUNO_612
ACADÊMICO_777;;ALUNO_613
ACADÊMICO_778;;ALUNO_614
ACADÊMICO_779;;ALUNO_615
ACADÊMICO_780;;ALUNO_616
ACADÊMICO_781;;ALUNO_617
ACADÊMICO_782;;ALUNO_618
ACADÊMICO_783;;ALUNO_619
ACADÊMICO_784;;ALUNO_620
ACADÊMICO_785;;ALUNO_621
ACADÊMICO_786;;ALUNO_622
ACADÊMICO_787;;ALUNO_623
ACADÊMICO_788;;ALUNO_624
ACADÊMICO_789;;ALUNO_625
ACADÊMICO_790;;ALUNO_626
ACADÊMICO_791;;ALUNO_627
ACADÊMICO_792;;ALUNO_628
ACADÊMICO_793;;ALUNO_629
ACADÊMICO_794;;ALUNO_630
ACADÊMICO_795;;ALUNO_631
ACADÊMICO_796;;ALUNO_632
ACADÊMICO_797;;ALUNO_633
ACADÊMICO_798;;ALUNO_634
ACADÊMICO_799;;ALUNO_635
ACADÊMICO_800;;ALUNO_636
ACADÊMICO_801;;ALUNO_637
ACADÊMICO_802;;ALUNO_638
ACADÊMICO_803;;ALUNO_639
ACADÊMICO_804;;ALUNO_640
ACADÊMICO_805;;ALUNO_641
ACADÊMICO_806;;ALUNO_642
ACADÊMICO_807;;ALUNO_643
ACADÊMICO_808;;ALUNO_644
ACADÊMICO_809;;ALUNO_645
ACADÊMICO_810;;ALUNO_646
ACADÊMICO_811;;ALUNO_647
ACADÊMICO_812;;ALUNO_648
ACADÊMICO_813;;ALUNO_649
ACADÊMICO_814;;ALUNO_650
ACADÊMICO_815;;ALUNO_651
ACADÊMICO_816;;ALUNO_652
ACADÊMICO_817;;ALUNO_653
ACADÊMICO_818;;ALUNO_654
ACADÊMICO_819;;ALUNO_655
ACADÊMICO_820;;ALUNO_656
ACADÊMICO_821;;ALUNO_657
ACADÊMICO_822;;ALUNO_658
ACADÊMICO_823;;ALUNO_659
ACADÊMICO_824;;ALUNO_660
ACADÊMICO_825;;ALUNO_661
ACADÊMICO_826;;ALUNO_662
ACADÊMICO_827;;ALUNO_663
ACADÊMICO_828;;ALUNO_664
ACADÊMICO_829;;ALUNO_665
ACADÊMICO_830;;ALUNO_666
ACADÊMICO_831;;ALUNO_667
ACADÊMICO_832;;ALUNO_668
ACADÊMICO_833;;ALUNO_669
ACADÊMICO_834;;ALUNO_670
ACADÊMICO_835;;ALUNO_671
ACADÊMICO_836;;ALUNO_672
ACADÊMICO_837;;ALUNO_673
ACADÊMICO_838;;ALUNO_674
ACADÊMICO_839;;ALUNO_675
ACADÊMICO_840;;ALUNO_676
ACADÊMICO_841;;ALUNO_677
ACADÊMICO_842;;ALUNO_678
ACADÊMICO_843;;ALUNO_679
ACADÊMICO_844;;ALUNO_680
ACADÊMICO_845;;ALUNO_681
ACADÊMICO_846;;ALUNO_682
ACADÊMICO_847;;ALUNO_683
ACADÊMICO_848;;ALUNO_684
ACADÊMICO_849;;ALUNO_685
ACADÊMICO_850;;ALUNO_686
ACADÊMICO_851;;ALUNO_687
ACADÊMICO_852;;ALUNO_688
ACADÊMICO_853;;ALUNO_689
ACADÊMICO_854;;ALUNO_690
ACADÊMICO_855;;ALUNO_691
ACADÊMICO_856;;ALUNO_692
ACADÊMICO_857;;ALUNO_693
ACADÊMICO_858;;ALUNO_694
ACADÊMICO_859;;ALUNO_695
ACADÊMICO_860;;ALUNO_696
ACADÊMICO_861;;ALUNO_697
ACADÊMICO_862;;ALUNO_698
ACADÊMICO_863;;ALUNO_699
ACADÊMICO_864;;ALUNO_700
ACADÊMICO_865;;ALUNO_701
ACADÊMICO_866;;ALUNO_702
ACADÊMICO_867;;ALUNO_703
ACADÊMICO_868;;ALUNO_704
ACADÊMICO_869;;ALUNO_705
ACADÊMICO_870;;ALUNO_706
ACADÊMICO_871;;ALUNO_707
ACADÊMICO_872;;ALUNO_708
ACADÊMICO_873;;ALUNO_709
ACADÊMICO_874;;ALUNO_710
ACADÊMICO_875;;ALUNO_711
ACADÊMICO_876;;ALUNO_712
ACADÊMICO_877;;ALUNO_713
ACADÊMICO_878;;ALUNO_714
ACADÊMICO_879;;ALUNO_715
ACADÊMICO_880;;ALUNO_716
ACADÊMICO_881;;ALUNO_717
ACADÊMICO_882;;ALUNO_718
ACADÊMICO_883;;ALUNO_719
ACADÊMICO_884;;ALUNO_720
ACADÊMICO_885;;ALUNO_721
ACADÊMICO_886;;ALUNO_722
ACADÊMICO_887;;ALUNO_723
ACADÊMICO_888;;ALUNO_724
ACADÊMICO_889;;ALUNO_725
ACADÊMICO_890;;ALUNO_726
ACADÊMICO_891;;ALUNO_727
ACADÊMICO_892;;ALUNO_728
ACADÊMICO_893;;ALUNO_729
ACADÊMICO_894;;ALUNO_730
ACADÊMICO_895;;ALUNO_731
ACADÊMICO_896;;ALUNO_732
ACADÊMICO_897;;ALUNO_733
ACADÊMICO_898;;ALUNO_734
ACADÊMICO_899;;ALUNO_735
ACADÊMICO_900;;ALUNO_736
ACADÊMICO_901;;ALUNO_737
ACADÊMICO_902;;ALUNO_738
ACADÊMICO_903;;ALUNO_739
ACADÊMICO_904;;ALUNO_740
ACADÊMICO_905;;ALUNO_741
ACADÊMICO_906;;ALUNO_742
ACADÊMICO_907;;ALUNO_743
ACADÊMICO_908;;ALUNO_744
ACADÊMICO_909;;ALUNO_745
ACADÊMICO_910;;ALUNO_746
ACADÊMICO_911;;ALUNO_747
ACADÊMICO_912;;ALUNO_748
ACADÊMICO_913;;ALUNO_749
ACADÊMICO_914;;ALUNO_750
ACADÊMICO_915;;ALUNO_751
ACADÊMICO_916;;ALUNO_752
ACADÊMICO_917;;ALUNO_753
ACADÊMICO_918;;ALUNO_754
ACADÊMICO_919;;ALUNO_755
ACADÊMICO_920;;ALUNO_756
ACADÊMICO_921;;ALUNO_757
ACADÊMICO_922;;ALUNO_758
ACADÊMICO_923;;ALUNO_759
ACADÊMICO_924;;ALUNO_760
ACADÊMICO_925;;ALUNO_761
ACADÊMICO_926;;ALUNO_762
ACADÊMICO_927;;ALUNO_763
ACADÊMICO_928;;ALUNO_764
ACADÊMICO_929;;ALUNO_765
ACADÊMICO_930;;ALUNO_766
ACADÊMICO_931;;ALUNO_767
ACADÊMICO_932;;ALUNO_768
ACADÊMICO_933;;ALUNO_769
ACADÊMICO_934;;ALUNO_770
ACADÊMICO_935;;ALUNO_771
ACADÊMICO_936;;ALUNO_772
ACADÊMICO_937;;ALUNO_773
ACADÊMICO_938;;ALUNO_774
ACADÊMICO_939;;ALUNO_775
ACADÊMICO_940;;ALUNO_776
ACADÊMICO_941;;ALUNO_777
ACADÊMICO_942;;ALUNO_778
ACADÊMICO_943;;ALUNO_779
ACADÊMICO_944;;ALUNO_780
ACADÊMICO_945;;ALUNO_781
ACADÊMICO_946;;ALUNO_782
ACADÊMICO_947;;ALUNO_783
ACADÊMICO_948;;ALUNO_784
ACADÊMICO_949;;ALUNO_785
ACADÊMICO_950;;ALUNO_786
ACADÊMICO_951;;ALUNO_787
ACADÊMICO_952;;ALUNO_788
ACADÊMICO_953;;ALUNO_789
ACADÊMICO_954;;ALUNO_790
ACADÊMICO_955;;ALUNO_791
ACADÊMICO_956;;ALUNO_792
ACADÊMICO_957;;ALUNO_793
ACADÊMICO_958;;ALUNO_794
ACADÊMICO_959;;ALUNO_795
ACADÊMICO_960;;ALUNO_796
ACADÊMICO_961;;ALUNO_797
ACADÊMICO_962;;ALUNO_798
ACADÊMICO_963;;ALUNO_799
ACADÊMICO_964;;ALUNO_800
ACADÊMICO_965;;ALUNO_801
ACADÊMICO_966;;ALUNO_802
ACADÊMICO_967;;ALUNO_803
ACADÊMICO_968;;ALUNO_804
ACADÊMICO_969;;ALUNO_805
ACADÊMICO_970;;ALUNO_806
ACADÊMICO_971;;ALUNO_807
ACADÊMICO_972;;ALUNO_808
ACADÊMICO_973;;ALUNO_809
ACADÊMICO_974;;ALUNO_810
ACADÊMICO_975;;ALUNO_811
ACADÊMICO_976;;ALUNO_812
ACADÊMICO_977;;ALUNO_813
ACADÊMICO_978;;ALUNO_814
ACADÊMICO_979;;ALUNO_815
ACADÊMICO_980;;ALUNO_816
ACADÊMICO_981;;ALUNO_817
ACADÊMICO_982;;ALUNO_818
ACADÊMICO_983;;ALUNO_819
ACADÊMICO_984;;ALUNO_820
ACADÊMICO_985;;ALUNO_821
ACADÊMICO_986;;ALUNO_822
ACADÊMICO_987;;ALUNO_823
ACADÊMICO_988;;ALUNO_824
ACADÊMICO_989;;ALUNO_825
ACADÊMICO_990;;ALUNO_826
ACADÊMICO_991;;ALUNO_827
ACADÊMICO_992;;ALUNO_828
ACADÊMICO_993;;ALUNO_829
ACADÊMICO_994;;ALUNO_830
ACADÊMICO_995;;ALUNO_831
ACADÊMICO_996;;ALUNO_832
ACADÊMICO_997;;ALUNO_833
ACADÊMICO_998;;ALUNO_834
ACADÊMICO_999;;ALUNO_835
ACADÊMICO_1000;;ALUNO_836
ACADÊMICO_1001;;ALUNO_837
ACADÊMICO_1002;;ALUNO_838
ACADÊMICO_1003;;ALUNO_839
ACADÊMICO_1004;;ALUNO_840
ACADÊMICO_1005;;ALUNO_841
ACADÊMICO_1006;;ALUNO_842
ACADÊMICO_1007;;ALUNO_843
ACADÊMICO_1008;;ALUNO_844
ACADÊMICO_1009;;ALUNO_845
ACADÊMICO_1010;;ALUNO_846
ACADÊMICO_1011;;ALUNO_847
ACADÊMICO_1012;;ALUNO_848
ACADÊMICO_1013;;ALUNO_849
ACADÊMICO_1014;;ALUNO_850
ACADÊMICO_1015;;ALUNO_851
ACADÊMICO_1016;;ALUNO_852
ACADÊMICO_1017;;ALUNO_853
ACADÊMICO_1018;;ALUNO_854
ACADÊMICO_1019;;ALUNO_855
ACADÊMICO_1020;;ALUNO_856
ACADÊMICO_1021;;ALUNO_857
ACADÊMICO_1022;;ALUNO_858
ACADÊMICO_1023;;ALUNO_859
ACADÊMICO_1024;;ALUNO_860
ACADÊMICO_1025;;ALUNO_861
ACADÊMICO_1026;;ALUNO_862
ACADÊMICO_1027;;ALUNO_863
ACADÊMICO_1028;;ALUNO_864
ACADÊMICO_1029;;ALUNO_865
ACADÊMICO_1030;;ALUNO_866
ACADÊMICO_1031;;ALUNO_867
ACADÊMICO_1032;;ALUNO_868
ACADÊMICO_1033;;ALUNO_869
ACADÊMICO_1034;;ALUNO_870
ACADÊMICO_1035;;ALUNO_871
ACADÊMICO_1036;;ALUNO_872
ACADÊMICO_1037;;ALUNO_873
ACADÊMICO_1038;;ALUNO_874
ACADÊMICO_1039;;ALUNO_875
ACADÊMICO_1040;;ALUNO_876
ACADÊMICO_1041;;ALUNO_877
ACADÊMICO_1042;;ALUNO_878
ACADÊMICO_1043;;ALUNO_879
ACADÊMICO_1044;;ALUNO_880
ACADÊMICO_1045;;ALUNO_881
ACADÊMICO_1046;;ALUNO_882
ACADÊMICO_1047;;ALUNO_883
ACADÊMICO_1048;;ALUNO_884
ACADÊMICO_1049;;ALUNO_885
ACADÊMICO_1050;;ALUNO_886
ACADÊMICO_1051;;ALUNO_887
ACADÊMICO_1052;;ALUNO_888
ACADÊMICO_1053;;ALUNO_889
ACADÊMICO_1054;;ALUNO_890
ACADÊMICO_1055;;ALUNO_891
ACADÊMICO_1056;;ALUNO_892
ACADÊMICO_1057;;ALUNO_893
ACADÊMICO_1058;;ALUNO_894
ACADÊMICO_1059;;ALUNO_895
ACADÊMICO_1060;;ALUNO_896
ACADÊMICO_1061;;ALUNO_897
ACADÊMICO_1062;;ALUNO_898
ACADÊMICO_1063;;ALUNO_899
ACADÊMICO_1064;;ALUNO_900
ACADÊMICO_1065;;ALUNO_901
ACADÊMICO_1066;;ALUNO_902
ACADÊMICO_1067;;ALUNO_903
ACADÊMICO_1068;;ALUNO_904
ACADÊMICO_1069;;ALUNO_905
ACADÊMICO_1070;;ALUNO_906
ACADÊMICO_1071;;ALUNO_907
ACADÊMICO_1072;;ALUNO_908
ACADÊMICO_1073;;ALUNO_909
ACADÊMICO_1074;;ALUNO_910
ACADÊMICO_1075;;ALUNO_911
ACADÊMICO_1076;;ALUNO_912
ACADÊMICO_1077;;ALUNO_913
ACADÊMICO_1078;;ALUNO_914
ACADÊMICO_1079;;ALUNO_915
ACADÊMICO_1080;;ALUNO_916
ACADÊMICO_1081;;ALUNO_917
ACADÊMICO_1082;;ALUNO_918
ACADÊMICO_1083;;ALUNO_919
ACADÊMICO_1084;;ALUNO_920
ACADÊMICO_1085;;ALUNO_921
ACADÊMICO_1086;;ALUNO_922
ACADÊMICO_1087;;ALUNO_923
ACADÊMICO_1088;;ALUNO_924
ACADÊMICO_1089;;ALUNO_925
ACADÊMICO_1090;;ALUNO_926
ACADÊMICO_1091;;ALUNO_927
ACADÊMICO_1092;;ALUNO_928
ACADÊMICO_1093;;ALUNO_929
ACADÊMICO_1094;;ALUNO_930
ACADÊMICO_1095;;ALUNO_931
ACADÊMICO_1096;;ALUNO_932
ACADÊMICO_1097;;ALUNO_933
ACADÊMICO_1098;;ALUNO_934
ACADÊMICO_1099;;ALUNO_935
ACADÊMICO_1100;;ALUNO_936
ACADÊMICO_1101;;ALUNO_937
ACADÊMICO_1102;;ALUNO_938
ACADÊMICO_1103;;ALUNO_939
ACADÊMICO_1104;;ALUNO_940
ACADÊMICO_1105;;ALUNO_941
ACADÊMICO_1106;;ALUNO_942
ACADÊMICO_1107;;ALUNO_943
ACADÊMICO_1108;;ALUNO_944
ACADÊMICO_1109;;ALUNO_945
ACADÊMICO_1110;;ALUNO_946
ACADÊMICO_1111;;ALUNO_947
ACADÊMICO_1112;;ALUNO_948
ACADÊMICO_1113;;ALUNO_949
ACADÊMICO_1114;;ALUNO_950
ACADÊMICO_1115;;ALUNO_951
ACADÊMICO_1116;;ALUNO_952
ACADÊMICO_1117;;ALUNO_953
ACADÊMICO_1118;;ALUNO_954
ACADÊMICO_1119;;ALUNO_955
ACADÊMICO_1120;;ALUNO_956
ACADÊMICO_1121;;ALUNO_957
ACADÊMICO_1122;;ALUNO_958
ACADÊMICO_1123;;ALUNO_959
ACADÊMICO_1124;;ALUNO_960
ACADÊMICO_1125;;ALUNO_961
ACADÊMICO_1126;;ALUNO_962
ACADÊMICO_1127;;ALUNO_963
ACADÊMICO_1128;;ALUNO_964
ACADÊMICO_1129;;ALUNO_965
ACADÊMICO_1130;;ALUNO_966
ACADÊMICO_1131;;ALUNO_967
ACADÊMICO_1132;;ALUNO_968
ACADÊMICO_1133;;ALUNO_969
ACADÊMICO_1134;;ALUNO_970
ACADÊMICO_1135;;ALUNO_971
ACADÊMICO_1136;;ALUNO_972
ACADÊMICO_1137;;ALUNO_973
ACADÊMICO_1138;;ALUNO_974
ACADÊMICO_1139;;ALUNO_975
ACADÊMICO_1140;;ALUNO_976
ACADÊMICO_1141;;ALUNO_977
ACADÊMICO_1142;;ALUNO_978
ACADÊMICO_1143;;ALUNO_979
ACADÊMICO_1144;;ALUNO_980
ACADÊMICO_1145;;ALUNO_981
ACADÊMICO_1146;;ALUNO_982
ACADÊMICO_1147;;ALUNO_983
ACADÊMICO_1148;;ALUNO_984
ACADÊMICO_1149;;ALUNO_985
ACADÊMICO_1150;;ALUNO_986
ACADÊMICO_1151;;ALUNO_987
ACADÊMICO_1152;;ALUNO_988
ACADÊMICO_1153;;ALUNO_989
ACADÊMICO_1154;;ALUNO_990
ACADÊMICO_1155;;ALUNO_991
ACADÊMICO_1156;;ALUNO_992
ACADÊMICO_1157;;ALUNO_993
ACADÊMICO_1158;;ALUNO_994
ACADÊMICO_1159;;ALUNO_995
ACADÊMICO_1160;;ALUNO_996
ACADÊMICO_1161;;ALUNO_997
ACADÊMICO_1162;;ALUNO_998
ACADÊMICO_1163;;ALUNO_999
ACADÊMICO_1164;;ALUNO_1000
ACADÊMICO_1165;;ALUNO_1001
ACADÊMICO_1166;;ALUNO_1002
ACADÊMICO_1167;;ALUNO_1003
ACADÊMICO_1168;;ALUNO_1004
ACADÊMICO_1169;;ALUNO_1005
ACADÊMICO_1170;;ALUNO_1006
ACADÊMICO_1171;;ALUNO_1007
ACADÊMICO_1172;;ALUNO_1008
ACADÊMICO_1173;;ALUNO_1009
ACADÊMICO_1174;;ALUNO_1010
ACADÊMICO_1175;;ALUNO_1011
ACADÊMICO_1176;;ALUNO_1012
ACADÊMICO_1177;;ALUNO_1013
ACADÊMICO_1178;;ALUNO_1014
ACADÊMICO_1179;;ALUNO_1015
ACADÊMICO_1180;;ALUNO_1016
ACADÊMICO_1181;;ALUNO_1017
ACADÊMICO_1182;;ALUNO_1018
ACADÊMICO_1183;;ALUNO_1019
ACADÊMICO_1184;;ALUNO_1020
ACADÊMICO_1185;;ALUNO_1021
ACADÊMICO_1186;;ALUNO_1022
ACADÊMICO_1187;;ALUNO_1023
ACADÊMICO_1188;;ALUNO_1024
ACADÊMICO_1189;;ALUNO_1025
ACADÊMICO_1190;;ALUNO_1026
ACADÊMICO_1191;;ALUNO_1027
ACADÊMICO_1192;;ALUNO_1028
ACADÊMICO_1193;;ALUNO_1029
ACADÊMICO_1194;;ALUNO_1030
ACADÊMICO_1195;;ALUNO_1031
ACADÊMICO_1196;;ALUNO_1032
ACADÊMICO_1197;;ALUNO_1033
ACADÊMICO_1198;;ALUNO_1034
ACADÊMICO_1199;;ALUNO_1035
ACADÊMICO_1200;;ALUNO_1036
ACADÊMICO_1201;;ALUNO_1037
ACADÊMICO_1202;;ALUNO_1038
ACADÊMICO_1203;;ALUNO_1039
ACADÊMICO_1204;;ALUNO_1040
ACADÊMICO_1205;;ALUNO_1041
ACADÊMICO_1206;;ALUNO_1042
ACADÊMICO_1207;;ALUNO_1043
ACADÊMICO_1208;;ALUNO_1044
ACADÊMICO_1209;;ALUNO_1045
ACADÊMICO_1210;;ALUNO_1046
ACADÊMICO_1211;;ALUNO_1047
ACADÊMICO_1212;;ALUNO_1048
ACADÊMICO_1213;;ALUNO_1049
ACADÊMICO_1214;;ALUNO_1050
ACADÊMICO_1215;;ALUNO_1051
ACADÊMICO_1216;;ALUNO_1052
ACADÊMICO_1217;;ALUNO_1053
ACADÊMICO_1218;;ALUNO_1054
ACADÊMICO_1219;;ALUNO_1055
ACADÊMICO_1220;;ALUNO_1056
ACADÊMICO_1221;;ALUNO_1057
ACADÊMICO_1222;;ALUNO_1058
ACADÊMICO_1223;;ALUNO_1059
ACADÊMICO_1224;;ALUNO_1060
ACADÊMICO_1225;;ALUNO_1061
ACADÊMICO_1226;;ALUNO_1062
ACADÊMICO_1227;;ALUNO_1063
ACADÊMICO_1228;;ALUNO_1064
ACADÊMICO_1229;;ALUNO_1065
ACADÊMICO_1230;;ALUNO_1066
ACADÊMICO_1231;;ALUNO_1067
ACADÊMICO_1232;;ALUNO_1068
ACADÊMICO_1233;;ALUNO_1069
ACADÊMICO_1234;;ALUNO_1070
ACADÊMICO_1235;;ALUNO_1071
ACADÊMICO_1236;;ALUNO_1072
ACADÊMICO_1237;;ALUNO_1073
ACADÊMICO_1238;;ALUNO_1074
ACADÊMICO_1239;;ALUNO_1075
ACADÊMICO_1240;;ALUNO_1076
ACADÊMICO_1241;;ALUNO_1077
ACADÊMICO_1242;;ALUNO_1078
ACADÊMICO_1243;;ALUNO_1079
ACADÊMICO_1244;;ALUNO_1080
ACADÊMICO_1245;;ALUNO_1081
ACADÊMICO_1246;;ALUNO_1082
ACADÊMICO_1247;;ALUNO_1083
ACADÊMICO_1248;;ALUNO_1084
ACADÊMICO_1249;;ALUNO_1085
ACADÊMICO_1250;;ALUNO_1086
ACADÊMICO_1251;;ALUNO_1087
ACADÊMICO_1252;;ALUNO_1088
ACADÊMICO_1253;;ALUNO_1089
ACADÊMICO_1254;;ALUNO_1090
ACADÊMICO_1255;;ALUNO_1091
ACADÊMICO_1256;;ALUNO_1092
ACADÊMICO_1257;;ALUNO_1093
ACADÊMICO_1258;;ALUNO_1094
ACADÊMICO_1259;;ALUNO_1095
ACADÊMICO_1260;;ALUNO_1096
ACADÊMICO_1261;;ALUNO_1097
ACADÊMICO_1262;;ALUNO_1098
ACADÊMICO_1263;;ALUNO_1099
ACADÊMICO_1264;;ALUNO_1100
ACADÊMICO_1265;;ALUNO_1101
ACADÊMICO_1266;;ALUNO_1102
ACADÊMICO_1267;;ALUNO_1103
ACADÊMICO_1268;;ALUNO_1104
ACADÊMICO_1269;;ALUNO_1105
ACADÊMICO_1270;;ALUNO_1106
ACADÊMICO_1271;;ALUNO_1107
ACADÊMICO_1272;;ALUNO_1108
ACADÊMICO_1273;;ALUNO_1109
ACADÊMICO_1274;;ALUNO_1110
ACADÊMICO_1275;;ALUNO_1111
ACADÊMICO_1276;;ALUNO_1112
ACADÊMICO_1277;;ALUNO_1113
ACADÊMICO_1278;;ALUNO_1114
ACADÊMICO_1279;;ALUNO_1115
ACADÊMICO_1280;;ALUNO_1116
ACADÊMICO_1281;;ALUNO_1117
ACADÊMICO_1282;;ALUNO_1118
ACADÊMICO_1283;;ALUNO_1119
ACADÊMICO_1284;;ALUNO_1120
ACADÊMICO_1285;;ALUNO_1121
ACADÊMICO_1286;;ALUNO_1122
ACADÊMICO_1287;;ALUNO_1123
ACADÊMICO_1288;;ALUNO_1124
ACADÊMICO_1289;;ALUNO_1125
ACADÊMICO_1290;;ALUNO_1126
ACADÊMICO_1291;;ALUNO_1127
ACADÊMICO_1292;;ALUNO_1128
ACADÊMICO_1293;;ALUNO_1129
ACADÊMICO_1294;;ALUNO_1130
ACADÊMICO_1295;;ALUNO_1131
ACADÊMICO_1296;;ALUNO_1132
ACADÊMICO_1297;;ALUNO_1133
ACADÊMICO_1298;;ALUNO_1134
ACADÊMICO_1299;;ALUNO_1135
ACADÊMICO_1300;;ALUNO_1136
ACADÊMICO_1301;;ALUNO_1137
ACADÊMICO_1302;;ALUNO_1138
ACADÊMICO_1303;;ALUNO_1139
ACADÊMICO_1304;;ALUNO_1140
ACADÊMICO_1305;;ALUNO_1141
ACADÊMICO_1306;;ALUNO_1142
ACADÊMICO_1307;;ALUNO_1143
ACADÊMICO_1308;;ALUNO_1144
ACADÊMICO_1309;;ALUNO_1145
ACADÊMICO_1310;;ALUNO_1146
ACADÊMICO_1311;;ALUNO_1147
ACADÊMICO_1312;;ALUNO_1148
ACADÊMICO_1313;;ALUNO_1149
ACADÊMICO_1314;;ALUNO_1150
ACADÊMICO_1315;;ALUNO_1151
ACADÊMICO_1316;;ALUNO_1152
ACADÊMICO_1317;;ALUNO_1153
ACADÊMICO_1318;;ALUNO_1154
ACADÊMICO_1319;;ALUNO_1155
ACADÊMICO_1320;;ALUNO_1156
ACADÊMICO_1321;;ALUNO_1157
ACADÊMICO_1322;;ALUNO_1158
ACADÊMICO_1323;;ALUNO_1159
ACADÊMICO_1324;;ALUNO_1160
ACADÊMICO_1325;;ALUNO_1161
ACADÊMICO_1326;;ALUNO_1162
ACADÊMICO_1327;;ALUNO_1163
ACADÊMICO_1328;;ALUNO_1164
ACADÊMICO_1329;;ALUNO_1165
ACADÊMICO_1330;;ALUNO_1166
ACADÊMICO_1331;;ALUNO_1167
ACADÊMICO_1332;;ALUNO_1168
ACADÊMICO_1333;;ALUNO_1169
ACADÊMICO_1334;;ALUNO_1170
ACADÊMICO_1335;;ALUNO_1171
ACADÊMICO_1336;;ALUNO_1172
ACADÊMICO_1337;;ALUNO_1173
ACADÊMICO_1338;;ALUNO_1174
ACADÊMICO_1339;;ALUNO_1175
ACADÊMICO_1340;;ALUNO_1176
ACADÊMICO_1341;;ALUNO_1177
ACADÊMICO_1342;;ALUNO_1178
ACADÊMICO_1343;;ALUNO_1179
ACADÊMICO_1344;;ALUNO_1180
ACADÊMICO_1345;;ALUNO_1181
ACADÊMICO_1346;;ALUNO_1182
ACADÊMICO_1347;;ALUNO_1183
ACADÊMICO_1348;;ALUNO_1184
ACADÊMICO_1349;;ALUNO_1185
ACADÊMICO_1350;;ALUNO_1186
ACADÊMICO_1351;;ALUNO_1187
ACADÊMICO_1352;;ALUNO_1188
ACADÊMICO_1353;;ALUNO_1189
ACADÊMICO_1354;;ALUNO_1190
ACADÊMICO_1355;;ALUNO_1191
ACADÊMICO_1356;;ALUNO_1192
ACADÊMICO_1357;;ALUNO_1193
ACADÊMICO_1358;;ALUNO_1194
ACADÊMICO_1359;;ALUNO_1195
ACADÊMICO_1360;;ALUNO_1196
ACADÊMICO_1361;;ALUNO_1197
ACADÊMICO_1362;;ALUNO_1198
ACADÊMICO_1363;;ALUNO_1199
ACADÊMICO_1364;;ALUNO_1200
ACADÊMICO_1365;;ALUNO_1201
ACADÊMICO_1366;;ALUNO_1202
ACADÊMICO_1367;;ALUNO_1203
ACADÊMICO_1368;;ALUNO_1204
ACADÊMICO_1369;;ALUNO_1205
ACADÊMICO_1370;;ALUNO_1206
ACADÊMICO_1371;;ALUNO_1207
ACADÊMICO_1372;;ALUNO_1208
ACADÊMICO_1373;;ALUNO_1209
ACADÊMICO_1374;;ALUNO_1210
ACADÊMICO_1375;;ALUNO_1211
ACADÊMICO_1376;;ALUNO_1212
ACADÊMICO_1377;;ALUNO_1213
ACADÊMICO_1378;;ALUNO_1214
ACADÊMICO_1379;;ALUNO_1215
ACADÊMICO_1380;;ALUNO_1216
ACADÊMICO_1381;;ALUNO_1217
ACADÊMICO_1382;;ALUNO_1218
ACADÊMICO_1383;;ALUNO_1219
ACADÊMICO_1384;;ALUNO_1220
ACADÊMICO_1385;;ALUNO_1221
ACADÊMICO_1386;;ALUNO_1222
ACADÊMICO_1387;;ALUNO_1223
ACADÊMICO_1388;;ALUNO_1224
ACADÊMICO_1389;;ALUNO_1225
ACADÊMICO_1390;;ALUNO_1226
ACADÊMICO_1391;;ALUNO_1227
ACADÊMICO_1392;;ALUNO_1228
ACADÊMICO_1393;;ALUNO_1229
ACADÊMICO_1394;;ALUNO_1230
ACADÊMICO_1395;;ALUNO_1231
ACADÊMICO_1396;;ALUNO_1232
ACADÊMICO_1397;;ALUNO_1233
ACADÊMICO_1398;;ALUNO_1234
ACADÊMICO_1399;;ALUNO_1235
ACADÊMICO_1400;;ALUNO_1236
ACADÊMICO_1401;;ALUNO_1237
ACADÊMICO_1402;;ALUNO_1238
ACADÊMICO_1403;;ALUNO_1239
ACADÊMICO_1404;;ALUNO_1240
ACADÊMICO_1405;;ALUNO_1241
ACADÊMICO_1406;;ALUNO_1242
ACADÊMICO_1407;;ALUNO_1243
ACADÊMICO_1408;;ALUNO_1244
ACADÊMICO_1409;;ALUNO_1245
ACADÊMICO_1410;;ALUNO_1246
ACADÊMICO_1411;;ALUNO_1247
ACADÊMICO_1412;;ALUNO_1248
ACADÊMICO_1413;;ALUNO_1249
ACADÊMICO_1414;;ALUNO_1250
ACADÊMICO_1415;;ALUNO_1251
ACADÊMICO_1416;;ALUNO_1252
ACADÊMICO_1417;;ALUNO_1253
ACADÊMICO_1418;;ALUNO_1254
ACADÊMICO_1419;;ALUNO_1255
ACADÊMICO_1420;;ALUNO_1256
ACADÊMICO_1421;;ALUNO_1257
ACADÊMICO_1422;;ALUNO_1258
ACADÊMICO_1423;;ALUNO_1259
ACADÊMICO_1424;;ALUNO_1260
ACADÊMICO_1425;;ALUNO_1261
ACADÊMICO_1426;;ALUNO_1262
ACADÊMICO_1427;;ALUNO_1263
ACADÊMICO_1428;;ALUNO_1264
ACADÊMICO_1429;;ALUNO_1265
ACADÊMICO_1430;;ALUNO_1266
ACADÊMICO_1431;;ALUNO_1267
ACADÊMICO_1432;;ALUNO_1268
ACADÊMICO_1433;;ALUNO_1269
ACADÊMICO_1434;;ALUNO_1270
ACADÊMICO_1435;;ALUNO_1271
ACADÊMICO_1436;;ALUNO_1272
ACADÊMICO_1437;;ALUNO_1273
ACADÊMICO_1438;;ALUNO_1274
ACADÊMICO_1439;;ALUNO_1275
ACADÊMICO_1440;;ALUNO_1276
ACADÊMICO_1441;;ALUNO_1277
ACADÊMICO_1442;;ALUNO_1278
ACADÊMICO_1443;;ALUNO_1279
ACADÊMICO_1444;;ALUNO_1280
ACADÊMICO_1445;;ALUNO_1281
ACADÊMICO_1446;;ALUNO_1282
ACADÊMICO_1447;;ALUNO_1283
ACADÊMICO_1448;;ALUNO_1284
ACADÊMICO_1449;;ALUNO_1285
ACADÊMICO_1450;;ALUNO_1286
ACADÊMICO_1451;;ALUNO_1287
ACADÊMICO_1452;;ALUNO_1288
ACADÊMICO_1453;;ALUNO_1289
ACADÊMICO_1454;;ALUNO_1290
ACADÊMICO_1455;;ALUNO_1291
ACADÊMICO_1456;;ALUNO_1292
ACADÊMICO_1457;;ALUNO_1293
ACADÊMICO_1458;;ALUNO_1294
ACADÊMICO_1459;;ALUNO_1295
ACADÊMICO_1460;;ALUNO_1296
ACADÊMICO_1461;;ALUNO_1297
ACADÊMICO_1462;;ALUNO_1298
ACADÊMICO_1463;;ALUNO_1299
ACADÊMICO_1464;;ALUNO_1300
ACADÊMICO_1465;;ALUNO_1301
ACADÊMICO_1466;;ALUNO_1302
ACADÊMICO_1467;;ALUNO_1303
ACADÊMICO_1468;;ALUNO_1304
ACADÊMICO_1469;;ALUNO_1305
ACADÊMICO_1470;;ALUNO_1306
ACADÊMICO_1471;;ALUNO_1307
ACADÊMICO_1472;;ALUNO_1308
ACADÊMICO_1473;;ALUNO_1309
ACADÊMICO_1474;;ALUNO_1310
ACADÊMICO_1475;;ALUNO_1311
ACADÊMICO_1476;;ALUNO_1312
ACADÊMICO_1477;;ALUNO_1313
ACADÊMICO_1478;;ALUNO_1314
ACADÊMICO_1479;;ALUNO_1315
ACADÊMICO_1480;;ALUNO_1316
ACADÊMICO_1481;;ALUNO_1317
ACADÊMICO_1482;;ALUNO_1318
ACADÊMICO_1483;;ALUNO_1319
ACADÊMICO_1484;;ALUNO_1320
ACADÊMICO_1485;;ALUNO_1321
ACADÊMICO_1486;;ALUNO_1322
ACADÊMICO_1487;;ALUNO_1323
ACADÊMICO_1488;;ALUNO_1324
ACADÊMICO_1489;;ALUNO_1325
ACADÊMICO_1490;;ALUNO_1326
ACADÊMICO_1491;;ALUNO_1327
ACADÊMICO_1492;;ALUNO_1328
ACADÊMICO_1493;;ALUNO_1329
ACADÊMICO_1494;;ALUNO_1330
ACADÊMICO_1495;;ALUNO_1331
ACADÊMICO_1496;;ALUNO_1332
ACADÊMICO_1497;;ALUNO_1333
ACADÊMICO_1498;;ALUNO_1334
ACADÊMICO_1499;;ALUNO_1335
ACADÊMICO_1500;;ALUNO_1336
ACADÊMICO_1501;;ALUNO_1337
ACADÊMICO_1502;;ALUNO_1338
ACADÊMICO_1503;;ALUNO_1339
ACADÊMICO_1504;;ALUNO_1340
ACADÊMICO_1505;;ALUNO_1341
ACADÊMICO_1506;;ALUNO_1342
ACADÊMICO_1507;;ALUNO_1343
ACADÊMICO_1508;;ALUNO_1344
ACADÊMICO_1509;;ALUNO_1345
ACADÊMICO_1510;;ALUNO_1346
ACADÊMICO_1511;;ALUNO_1347
ACADÊMICO_1512;;ALUNO_1348
ACADÊMICO_1513;;ALUNO_1349
ACADÊMICO_1514;;ALUNO_1350
ACADÊMICO_1515;;ALUNO_1351
ACADÊMICO_1516;;ALUNO_1352
ACADÊMICO_1517;;ALUNO_1353
ACADÊMICO_1518;;ALUNO_1354
ACADÊMICO_1519;;ALUNO_1355
ACADÊMICO_1520;;ALUNO_1356
ACADÊMICO_1521;;ALUNO_1357
ACADÊMICO_1522;;ALUNO_1358
ACADÊMICO_1523;;ALUNO_1359
ACADÊMICO_1524;;ALUNO_1360
ACADÊMICO_1525;;ALUNO_1361
ACADÊMICO_1526;;ALUNO_1362
ACADÊMICO_1527;;ALUNO_1363
ACADÊMICO_1528;;ALUNO_1364
ACADÊMICO_1529;;ALUNO_1365
ACADÊMICO_1530;;ALUNO_1366
ACADÊMICO_1531;;ALUNO_1367
ACADÊMICO_1532;;ALUNO_1368
ACADÊMICO_1533;;ALUNO_1369
ACADÊMICO_1534;;ALUNO_1370
ACADÊMICO_1535;;ALUNO_1371
ACADÊMICO_1536;;ALUNO_1372
ACADÊMICO_1537;;ALUNO_1373
ACADÊMICO_1538;;ALUNO_1374
ACADÊMICO_1539;;ALUNO_1375
ACADÊMICO_1540;;ALUNO_1376
ACADÊMICO_1541;;ALUNO_1377
ACADÊMICO_1542;;ALUNO_1378
ACADÊMICO_1543;;ALUNO_1379
ACADÊMICO_1544;;ALUNO_1380
ACADÊMICO_1545;;ALUNO_1381
ACADÊMICO_1546;;ALUNO_1382
ACADÊMICO_1547;;ALUNO_1383
ACADÊMICO_1548;;ALUNO_1384
ACADÊMICO_1549;;ALUNO_1385
ACADÊMICO_1550;;ALUNO_1386
ACADÊMICO_1551;;ALUNO_1387
ACADÊMICO_1552;;ALUNO_1388
ACADÊMICO_1553;;ALUNO_1389
ACADÊMICO_1554;;ALUNO_1390
ACADÊMICO_1555;;ALUNO_1391
ACADÊMICO_1556;;ALUNO_1392
ACADÊMICO_1557;;ALUNO_1393
ACADÊMICO_1558;;ALUNO_1394
ACADÊMICO_1559;;ALUNO_1395
ACADÊMICO_1560;;ALUNO_1396
ACADÊMICO_1561;;ALUNO_1397
ACADÊMICO_1562;;ALUNO_1398
ACADÊMICO_1563;;ALUNO_1399
ACADÊMICO_1564;;ALUNO_1400
ACADÊMICO_1565;;ALUNO_1401
ACADÊMICO_1566;;ALUNO_1402
ACADÊMICO_1567;;ALUNO_1403
ACADÊMICO_1568;;ALUNO_1404
ACADÊMICO_1569;;ALUNO_1405
ACADÊMICO_1570;;ALUNO_1406
ACADÊMICO_1571;;ALUNO_1407
ACADÊMICO_1572;;ALUNO_1408
ACADÊMICO_1573;;ALUNO_1409
ACADÊMICO_1574;;ALUNO_1410
ACADÊMICO_1575;;ALUNO_1411
ACADÊMICO_1576;;ALUNO_1412
ACADÊMICO_1577;;ALUNO_1413
ACADÊMICO_1578;;ALUNO_1414
ACADÊMICO_1579;;ALUNO_1415
ACADÊMICO_1580;;ALUNO_1416
ACADÊMICO_1581;;ALUNO_1417
ACADÊMICO_1582;;ALUNO_1418
ACADÊMICO_1583;;ALUNO_1419
ACADÊMICO_1584;;ALUNO_1420
ACADÊMICO_1585;;ALUNO_1421
ACADÊMICO_1586;;ALUNO_1422
ACADÊMICO_1587;;ALUNO_1423
ACADÊMICO_1588;;ALUNO_1424
ACADÊMICO_1589;;ALUNO_1425
ACADÊMICO_1590;;ALUNO_1426
ACADÊMICO_1591;;ALUNO_1427
ACADÊMICO_1592;;ALUNO_1428
ACADÊMICO_1593;;ALUNO_1429
ACADÊMICO_1594;;ALUNO_1430
ACADÊMICO_1595;;ALUNO_1431
ACADÊMICO_1596;;ALUNO_1432
ACADÊMICO_1597;;ALUNO_1433
ACADÊMICO_1598;;ALUNO_1434
ACADÊMICO_1599;;ALUNO_1435
ACADÊMICO_1600;;ALUNO_1436
ACADÊMICO_1601;;ALUNO_1437
ACADÊMICO_1602;;ALUNO_1438
ACADÊMICO_1603;;ALUNO_1439
ACADÊMICO_1604;;ALUNO_1440
ACADÊMICO_1605;;ALUNO_1441
ACADÊMICO_1606;;ALUNO_1442
ACADÊMICO_1607;;ALUNO_1443
ACADÊMICO_1608;;ALUNO_1444
ACADÊMICO_1609;;ALUNO_1445
ACADÊMICO_1610;;ALUNO_1446
ACADÊMICO_1611;;ALUNO_1447
ACADÊMICO_1612;;ALUNO_1448
ACADÊMICO_1613;;ALUNO_1449
ACADÊMICO_1614;;ALUNO_1450
ACADÊMICO_1615;;ALUNO_1451
ACADÊMICO_1616;;ALUNO_1452
ACADÊMICO_1617;;ALUNO_1453
ACADÊMICO_1618;;ALUNO_1454
ACADÊMICO_1619;;ALUNO_1455
ACADÊMICO_1620;;ALUNO_1456
ACADÊMICO_1621;;ALUNO_1457
ACADÊMICO_1622;;ALUNO_1458
ACADÊMICO_1623;;ALUNO_1459
ACADÊMICO_1624;;ALUNO_1460
ACADÊMICO_1625;;ALUNO_1461
ACADÊMICO_1626;;ALUNO_1462
ACADÊMICO_1627;;ALUNO_1463
ACADÊMICO_1628;;ALUNO_1464
ACADÊMICO_1629;;ALUNO_1465
ACADÊMICO_1630;;ALUNO_1466
ACADÊMICO_1631;;ALUNO_1467
ACADÊMICO_1632;;ALUNO_1468
ACADÊMICO_1633;;ALUNO_1469
ACADÊMICO_1634;;ALUNO_1470
ACADÊMICO_1635;;ALUNO_1471
ACADÊMICO_1636;;ALUNO_1472
ACADÊMICO_1637;;ALUNO_1473
ACADÊMICO_1638;;ALUNO_1474
ACADÊMICO_1639;;ALUNO_1475
ACADÊMICO_1640;;ALUNO_1476
ACADÊMICO_1641;;ALUNO_1477
ACADÊMICO_1642;;ALUNO_1478
ACADÊMICO_1643;;ALUNO_1479
ACADÊMICO_1644;;ALUNO_1480
ACADÊMICO_1645;;ALUNO_1481
ACADÊMICO_1646;;ALUNO_1482
ACADÊMICO_1647;;ALUNO_1483
ACADÊMICO_1648;;ALUNO_1484
ACADÊMICO_1649;;ALUNO_1485
ACADÊMICO_1650;;ALUNO_1486
ACADÊMICO_1651;;ALUNO_1487
ACADÊMICO_1652;;ALUNO_1488
ACADÊMICO_1653;;ALUNO_1489
ACADÊMICO_1654;;ALUNO_1490
ACADÊMICO_1655;;ALUNO_1491
ACADÊMICO_1656;;ALUNO_1492
ACADÊMICO_1657;;ALUNO_1493
ACADÊMICO_1658;;ALUNO_1494
ACADÊMICO_1659;;ALUNO_1495
ACADÊMICO_1660;;ALUNO_1496
ACADÊMICO_1661;;ALUNO_1497
ACADÊMICO_1662;;ALUNO_1498
ACADÊMICO_1663;;ALUNO_1499
ACADÊMICO_1664;;ALUNO_1500
ACADÊMICO_1665;;ALUNO_1501
ACADÊMICO_1666;;ALUNO_1502
ACADÊMICO_1667;;ALUNO_1503
ACADÊMICO_1668;;ALUNO_1504
ACADÊMICO_1669;;ALUNO_1505
ACADÊMICO_1670;;ALUNO_1506
ACADÊMICO_1671;;ALUNO_1507
ACADÊMICO_1672;;ALUNO_1508
ACADÊMICO_1673;;ALUNO_1509
ACADÊMICO_1674;;ALUNO_1510
ACADÊMICO_1675;;ALUNO_1511
ACADÊMICO_1676;;ALUNO_1512
ACADÊMICO_1677;;ALUNO_1513
ACADÊMICO_1678;;ALUNO_1514
ACADÊMICO_1679;;ALUNO_1515
ACADÊMICO_1680;;ALUNO_1516
ACADÊMICO_1681;;ALUNO_1517
ACADÊMICO_1682;;ALUNO_1518
ACADÊMICO_1683;;ALUNO_1519
ACADÊMICO_1684;;ALUNO_1520
ACADÊMICO_1685;;ALUNO_1521
ACADÊMICO_1686;;ALUNO_1522
ACADÊMICO_1687;;ALUNO_1523
ACADÊMICO_1688;;ALUNO_1524
ACADÊMICO_1689;;ALUNO_1525
ACADÊMICO_1690;;ALUNO_1526
ACADÊMICO_1691;;ALUNO_1527
ACADÊMICO_1692;;ALUNO_1528
ACADÊMICO_1693;;ALUNO_1529
ACADÊMICO_1694;;ALUNO_1530
ACADÊMICO_1695;;ALUNO_1531
ACADÊMICO_1696;;ALUNO_1532
ACADÊMICO_1697;;ALUNO_1533
ACADÊMICO_1698;;ALUNO_1534
ACADÊMICO_1699;;ALUNO_1535
ACADÊMICO_1700;;ALUNO_1536
ACADÊMICO_1701;;ALUNO_1537
ACADÊMICO_1702;;ALUNO_1538
ACADÊMICO_1703;;ALUNO_1539
ACADÊMICO_1704;;ALUNO_1540
ACADÊMICO_1705;;ALUNO_1541
ACADÊMICO_1706;;ALUNO_1542
ACADÊMICO_1707;;ALUNO_1543
ACADÊMICO_1708;;ALUNO_1544
ACADÊMICO_1709;;ALUNO_1545
ACADÊMICO_1710;;ALUNO_1546
ACADÊMICO_1711;;ALUNO_1547
ACADÊMICO_1712;;ALUNO_1548
ACADÊMICO_1713;;ALUNO_1549
ACADÊMICO_1714;;ALUNO_1550
ACADÊMICO_1715;;ALUNO_1551
ACADÊMICO_1716;;ALUNO_1552
ACADÊMICO_1717;;ALUNO_1553
ACADÊMICO_1718;;ALUNO_1554
ACADÊMICO_1719;;ALUNO_1555
ACADÊMICO_1720;;ALUNO_1556
ACADÊMICO_1721;;ALUNO_1557
ACADÊMICO_1722;;ALUNO_1558
ACADÊMICO_1723;;ALUNO_1559
ACADÊMICO_1724;;ALUNO_1560
ACADÊMICO_1725;;ALUNO_1561
ACADÊMICO_1726;;ALUNO_1562
ACADÊMICO_1727;;ALUNO_1563
ACADÊMICO_1728;;ALUNO_1564
ACADÊMICO_1729;;ALUNO_1565
ACADÊMICO_1730;;ALUNO_1566
ACADÊMICO_1731;;ALUNO_1567
ACADÊMICO_1732;;ALUNO_1568
ACADÊMICO_1733;;ALUNO_1569
ACADÊMICO_1734;;ALUNO_1570
ACADÊMICO_1735;;ALUNO_1571
ACADÊMICO_1736;;ALUNO_1572
ACADÊMICO_1737;;ALUNO_1573
ACADÊMICO_1738;;ALUNO_1574
ACADÊMICO_1739;;ALUNO_1575
ACADÊMICO_1740;;ALUNO_1576
ACADÊMICO_1741;;ALUNO_1577
ACADÊMICO_1742;;ALUNO_1578
ACADÊMICO_1743;;ALUNO_1579
ACADÊMICO_1744;;ALUNO_1580
ACADÊMICO_1745;;ALUNO_1581
ACADÊMICO_1746;;ALUNO_1582
ACADÊMICO_1747;;ALUNO_1583
ACADÊMICO_1748;;ALUNO_1584
ACADÊMICO_1749;;ALUNO_1585
ACADÊMICO_1750;;ALUNO_1586
ACADÊMICO_1751;;ALUNO_1587
ACADÊMICO_1752;;ALUNO_1588
ACADÊMICO_1753;;ALUNO_1589
ACADÊMICO_1754;;ALUNO_1590
ACADÊMICO_1755;;ALUNO_1591
ACADÊMICO_1756;;ALUNO_1592
ACADÊMICO_1757;;ALUNO_1593
ACADÊMICO_1758;;ALUNO_1594
ACADÊMICO_1759;;ALUNO_1595
ACADÊMICO_1760;;ALUNO_1596
ACADÊMICO_1761;;ALUNO_1597
ACADÊMICO_1762;;ALUNO_1598
ACADÊMICO_1763;;ALUNO_1599
ACADÊMICO_1764;;ALUNO_1600
ACADÊMICO_1765;;ALUNO_1601
ACADÊMICO_1766;;ALUNO_1602
ACADÊMICO_1767;;ALUNO_1603
ACADÊMICO_1768;;ALUNO_1604
ACADÊMICO_1769;;ALUNO_1605
ACADÊMICO_1770;;ALUNO_1606
ACADÊMICO_1771;;ALUNO_1607
ACADÊMICO_1772;;ALUNO_1608
ACADÊMICO_1773;;ALUNO_1609
ACADÊMICO_1774;;ALUNO_1610
ACADÊMICO_1775;;ALUNO_1611
ACADÊMICO_1776;;ALUNO_1612
ACADÊMICO_1777;;ALUNO_1613
ACADÊMICO_1778;;ALUNO_1614
ACADÊMICO_1779;;ALUNO_1615
ACADÊMICO_1780;;ALUNO_1616
ACADÊMICO_1781;;ALUNO_1617
ACADÊMICO_1782;;ALUNO_1618
ACADÊMICO_1783;;ALUNO_1619
ACADÊMICO_1784;;ALUNO_1620
ACADÊMICO_1785;;ALUNO_1621
ACADÊMICO_1786;;ALUNO_1622
ACADÊMICO_1787;;ALUNO_1623
ACADÊMICO_1788;;ALUNO_1624
ACADÊMICO_1789;;ALUNO_1625
ACADÊMICO_1790;;ALUNO_1626
ACADÊMICO_1791;;ALUNO_1627
ACADÊMICO_1792;;ALUNO_1628
ACADÊMICO_1793;;ALUNO_1629
ACADÊMICO_1794;;ALUNO_1630
ACADÊMICO_1795;;ALUNO_1631
ACADÊMICO_1796;;ALUNO_1632
ACADÊMICO_1797;;ALUNO_1633
ACADÊMICO_1798;;ALUNO_1634
ACADÊMICO_1799;;ALUNO_1635
ACADÊMICO_1800;;ALUNO_1636
ACADÊMICO_1801;;ALUNO_1637
ACADÊMICO_1802;;ALUNO_1638
ACADÊMICO_1803;;ALUNO_1639
ACADÊMICO_1804;;ALUNO_1640
ACADÊMICO_1805;;ALUNO_1641
ACADÊMICO_1806;;ALUNO_1642
ACADÊMICO_1807;;ALUNO_1643
ACADÊMICO_1808;;ALUNO_1644
ACADÊMICO_1809;;ALUNO_1645
ACADÊMICO_1810;;ALUNO_1646
ACADÊMICO_1811;;ALUNO_1647
ACADÊMICO_1812;;ALUNO_1648
ACADÊMICO_1813;;ALUNO_1649
ACADÊMICO_1814;;ALUNO_1650
ACADÊMICO_1815;;ALUNO_1651
ACADÊMICO_1816;;ALUNO_1652
ACADÊMICO_1817;;ALUNO_1653
ACADÊMICO_1818;;ALUNO_1654
ACADÊMICO_1819;;ALUNO_1655
ACADÊMICO_1820;;ALUNO_1656
ACADÊMICO_1821;;ALUNO_1657
ACADÊMICO_1822;;ALUNO_1658
ACADÊMICO_1823;;ALUNO_1659
ACADÊMICO_1824;;ALUNO_1660
ACADÊMICO_1825;;ALUNO_1661
ACADÊMICO_1826;;ALUNO_1662
ACADÊMICO_1827;;ALUNO_1663
ACADÊMICO_1828;;ALUNO_1664
ACADÊMICO_1829;;ALUNO_1665
ACADÊMICO_1830;;ALUNO_1666
ACADÊMICO_1831;;ALUNO_1667
ACADÊMICO_1832;;ALUNO_1668
ACADÊMICO_1833;;ALUNO_1669
ACADÊMICO_1834;;ALUNO_1670
ACADÊMICO_1835;;ALUNO_1671
ACADÊMICO_1836;;ALUNO_1672
ACADÊMICO_1837;;ALUNO_1673
ACADÊMICO_1838;;ALUNO_1674
ACADÊMICO_1839;;ALUNO_1675
ACADÊMICO_1840;;ALUNO_1676
ACADÊMICO_1841;;ALUNO_1677
ACADÊMICO_1842;;ALUNO_1678
ACADÊMICO_1843;;ALUNO_1679
ACADÊMICO_1844;;ALUNO_1680
ACADÊMICO_1845;;ALUNO_1681
ACADÊMICO_1846;;ALUNO_1682
ACADÊMICO_1847;;ALUNO_1683
ACADÊMICO_1848;;ALUNO_1684
ACADÊMICO_1849;;ALUNO_1685
ACADÊMICO_1850;;ALUNO_1686
ACADÊMICO_1851;;ALUNO_1687
ACADÊMICO_1852;;ALUNO_1688
ACADÊMICO_1853;;ALUNO_1689
ACADÊMICO_1854;;ALUNO_1690
ACADÊMICO_1855;;ALUNO_1691
ACADÊMICO_1856;;ALUNO_1692
ACADÊMICO_1857;;ALUNO_1693
ACADÊMICO_1858;;ALUNO_1694
ACADÊMICO_1859;;ALUNO_1695
ACADÊMICO_1860;;ALUNO_1696
ACADÊMICO_1861;;ALUNO_1697
ACADÊMICO_1862;;ALUNO_1698
ACADÊMICO_1863;;ALUNO_1699
ACADÊMICO_1864;;ALUNO_1700
ACADÊMICO_1865;;ALUNO_1701
ACADÊMICO_1866;;ALUNO_1702
ACADÊMICO_1867;;ALUNO_1703
ACADÊMICO_1868;;ALUNO_1704
ACADÊMICO_1869;;ALUNO_1705
ACADÊMICO_1870;;ALUNO_1706
ACADÊMICO_1871;;ALUNO_1707
ACADÊMICO_1872;;ALUNO_1708
ACADÊMICO_1873;;ALUNO_1709
ACADÊMICO_1874;;ALUNO_1710
ACADÊMICO_1875;;ALUNO_1711
ACADÊMICO_1876;;ALUNO_1712
ACADÊMICO_1877;;ALUNO_1713
ACADÊMICO_1878;;ALUNO_1714
ACADÊMICO_1879;;ALUNO_1715
ACADÊMICO_1880;;ALUNO_1716
ACADÊMICO_1881;;ALUNO_1717
ACADÊMICO_1882;;ALUNO_1718
ACADÊMICO_1883;;ALUNO_1719
ACADÊMICO_1884;;ALUNO_1720
ACADÊMICO_1885;;ALUNO_1721
ACADÊMICO_1886;;ALUNO_1722
ACADÊMICO_1887;;ALUNO_1723
ACADÊMICO_1888;;ALUNO_1724
ACADÊMICO_1889;;ALUNO_1725
ACADÊMICO_1890;;ALUNO_1726
ACADÊMICO_1891;;ALUNO_1727
ACADÊMICO_1892;;ALUNO_1728
ACADÊMICO_1893;;ALUNO_1729
ACADÊMICO_1894;;ALUNO_1730
ACADÊMICO_1895;;ALUNO_1731
ACADÊMICO_1896;;ALUNO_1732
ACADÊMICO_1897;;ALUNO_1733
ACADÊMICO_1898;;ALUNO_1734
ACADÊMICO_1899;;ALUNO_1735
ACADÊMICO_1900;;ALUNO_1736
ACADÊMICO_1901;;ALUNO_1737
ACADÊMICO_1902;;ALUNO_1738
ACADÊMICO_1903;;ALUNO_1739
ACADÊMICO_1904;;ALUNO_1740
ACADÊMICO_1905;;ALUNO_1741
ACADÊMICO_1906;;ALUNO_1742
ACADÊMICO_1907;;ALUNO_1743
ACADÊMICO_1908;;ALUNO_1744
ACADÊMICO_1909;;ALUNO_1745
ACADÊMICO_1910;;ALUNO_1746
ACADÊMICO_1911;;ALUNO_1747
ACADÊMICO_1912;;ALUNO_1748
ACADÊMICO_1913;;ALUNO_1749
ACADÊMICO_1914;;ALUNO_1750
ACADÊMICO_1915;;ALUNO_1751
ACADÊMICO_1916;;ALUNO_1752
ACADÊMICO_1917;;ALUNO_1753
ACADÊMICO_1918;;ALUNO_1754
ACADÊMICO_1919;;ALUNO_1755
ACADÊMICO_1920;;ALUNO_1756
ACADÊMICO_1921;;ALUNO_1757
ACADÊMICO_1922;;ALUNO_1758
ACADÊMICO_1923;;ALUNO_1759
ACADÊMICO_1924;;ALUNO_1760
ACADÊMICO_1925;;ALUNO_1761
ACADÊMICO_1926;;ALUNO_1762
ACADÊMICO_1927;;ALUNO_1763
ACADÊMICO_1928;;ALUNO_1764
ACADÊMICO_1929;;ALUNO_1765
ACADÊMICO_1930;;ALUNO_1766
ACADÊMICO_1931;;ALUNO_1767
ACADÊMICO_1932;;ALUNO_1768
ACADÊMICO_1933;;ALUNO_1769
ACADÊMICO_1934;;ALUNO_1770
ACADÊMICO_1935;;ALUNO_1771
ACADÊMICO_1936;;ALUNO_1772
ACADÊMICO_1937;;ALUNO_1773
ACADÊMICO_1938;;ALUNO_1774
ACADÊMICO_1939;;ALUNO_1775
ACADÊMICO_1940;;ALUNO_1776
ACADÊMICO_1941;;ALUNO_1777
ACADÊMICO_1942;;ALUNO_1778
ACADÊMICO_1943;;ALUNO_1779
ACADÊMICO_1944;;ALUNO_1780
ACADÊMICO_1945;;ALUNO_1781
ACADÊMICO_1946;;ALUNO_1782
ACADÊMICO_1947;;ALUNO_1783
ACADÊMICO_1948;;ALUNO_1784
ACADÊMICO_1949;;ALUNO_1785
ACADÊMICO_1950;;ALUNO_1786
ACADÊMICO_1951;;ALUNO_1787
ACADÊMICO_1952;;ALUNO_1788
ACADÊMICO_1953;;ALUNO_1789
ACADÊMICO_1954;;ALUNO_1790
ACADÊMICO_1955;;ALUNO_1791
ACADÊMICO_1956;;ALUNO_1792
ACADÊMICO_1957;;ALUNO_1793
ACADÊMICO_1958;;ALUNO_1794
ACADÊMICO_1959;;ALUNO_1795
ACADÊMICO_1960;;ALUNO_1796
ACADÊMICO_1961;;ALUNO_1797
ACADÊMICO_1962;;ALUNO_1798
ACADÊMICO_1963;;ALUNO_1799
ACADÊMICO_1964;;ALUNO_1800
ACADÊMICO_1965;;ALUNO_1801
ACADÊMICO_1966;;ALUNO_1802
ACADÊMICO_1967;;ALUNO_1803
ACADÊMICO_1968;;ALUNO_1804
ACADÊMICO_1969;;ALUNO_1805
ACADÊMICO_1970;;ALUNO_1806
ACADÊMICO_1971;;ALUNO_1807
ACADÊMICO_1972;;ALUNO_1808
ACADÊMICO_1973;;ALUNO_1809
ACADÊMICO_1974;;ALUNO_1810
ACADÊMICO_1975;;ALUNO_1811
ACADÊMICO_1976;;ALUNO_1812
ACADÊMICO_1977;;ALUNO_1813
ACADÊMICO_1978;;ALUNO_1814
ACADÊMICO_1979;;ALUNO_1815
ACADÊMICO_1980;;ALUNO_1816
ACADÊMICO_1981;;ALUNO_1817
ACADÊMICO_1982;;ALUNO_1818
ACADÊMICO_1983;;ALUNO_1819
ACADÊMICO_1984;;ALUNO_1820
ACADÊMICO_1985;;ALUNO_1821
ACADÊMICO_1986;;ALUNO_1822
ACADÊMICO_1987;;ALUNO_1823
ACADÊMICO_1988;;ALUNO_1824
ACADÊMICO_1989;;ALUNO_1825
ACADÊMICO_1990;;ALUNO_1826
ACADÊMICO_1991;;ALUNO_1827
ACADÊMICO_1992;;ALUNO_1828
ACADÊMICO_1993;;ALUNO_1829
ACADÊMICO_1994;;ALUNO_1830
ACADÊMICO_1995;;ALUNO_1831
ACADÊMICO_1996;;ALUNO_1832
ACADÊMICO_1997;;ALUNO_1833
ACADÊMICO_1998;;ALUNO_1834
ACADÊMICO_1999;;ALUNO_1835
ACADÊMICO_2000;;ALUNO_1836
ACADÊMICO_2001;;ALUNO_1837
ACADÊMICO_2002;;ALUNO_1838
ACADÊMICO_2003;;ALUNO_1839
ACADÊMICO_2004;;ALUNO_1840
ACADÊMICO_2005;;ALUNO_1841
ACADÊMICO_2006;;ALUNO_1842
ACADÊMICO_2007;;ALUNO_1843
ACADÊMICO_2008;;ALUNO_1844
ACADÊMICO_2009;;ALUNO_1845
ACADÊMICO_2010;;ALUNO_1846
ACADÊMICO_2011;;ALUNO_1847
ACADÊMICO_2012;;ALUNO_1848
ACADÊMICO_2013;;ALUNO_1849
ACADÊMICO_2014;;ALUNO_1850
ACADÊMICO_2015;;ALUNO_1851
ACADÊMICO_2016;;ALUNO_1852
ACADÊMICO_2017;;ALUNO_1853
ACADÊMICO_2018;;ALUNO_1854
ACADÊMICO_2019;;ALUNO_1855
ACADÊMICO_2020;;ALUNO_1856
ACADÊMICO_2021;;ALUNO_1857
ACADÊMICO_2022;;ALUNO_1858
ACADÊMICO_2023;;ALUNO_1859
ACADÊMICO_2024;;ALUNO_1860
ACADÊMICO_2025;;ALUNO_1861
ACADÊMICO_2026;;ALUNO_1862
ACADÊMICO_2027;;ALUNO_1863
ACADÊMICO_2028;;ALUNO_1864
ACADÊMICO_2029;;ALUNO_1865
ACADÊMICO_2030;;ALUNO_1866
ACADÊMICO_2031;;ALUNO_1867
ACADÊMICO_2032;;ALUNO_1868
ACADÊMICO_2033;;ALUNO_1869
ACADÊMICO_2034;;ALUNO_1870
ACADÊMICO_2035;;ALUNO_1871
ACADÊMICO_2036;;ALUNO_1872
ACADÊMICO_2037;;ALUNO_1873
ACADÊMICO_2038;;ALUNO_1874
ACADÊMICO_2039;;ALUNO_1875
ACADÊMICO_2040;;ALUNO_1876
ACADÊMICO_2041;;ALUNO_1877
ACADÊMICO_2042;;ALUNO_1878
ACADÊMICO_2043;;ALUNO_1879
ACADÊMICO_2044;;ALUNO_1880
ACADÊMICO_2045;;ALUNO_1881
ACADÊMICO_2046;;ALUNO_1882
ACADÊMICO_2047;;ALUNO_1883
ACADÊMICO_2048;;ALUNO_1884
ACADÊMICO_2049;;ALUNO_1885
ACADÊMICO_2050;;ALUNO_1886
ACADÊMICO_2051;;ALUNO_1887
ACADÊMICO_2052;;ALUNO_1888
ACADÊMICO_2053;;ALUNO_1889
ACADÊMICO_2054;;ALUNO_1890
ACADÊMICO_2055;;ALUNO_1891
ACADÊMICO_2056;;ALUNO_1892
ACADÊMICO_2057;;ALUNO_1893
ACADÊMICO_2058;;ALUNO_1894
ACADÊMICO_2059;;ALUNO_1895
ACADÊMICO_2060;;ALUNO_1896
ACADÊMICO_2061;;ALUNO_1897
ACADÊMICO_2062;;ALUNO_1898
ACADÊMICO_2063;;ALUNO_1899
ACADÊMICO_2064;;ALUNO_1900
ACADÊMICO_2065;;ALUNO_1901
ACADÊMICO_2066;;ALUNO_1902
ACADÊMICO_2067;;ALUNO_1903
ACADÊMICO_2068;;ALUNO_1904
ACADÊMICO_2069;;ALUNO_1905
ACADÊMICO_2070;;ALUNO_1906
ACADÊMICO_2071;;ALUNO_1907
ACADÊMICO_2072;;ALUNO_1908
ACADÊMICO_2073;;ALUNO_1909
ACADÊMICO_2074;;ALUNO_1910
ACADÊMICO_2075;;ALUNO_1911
ACADÊMICO_2076;;ALUNO_1912
ACADÊMICO_2077;;ALUNO_1913
ACADÊMICO_2078;;ALUNO_1914
ACADÊMICO_2079;;ALUNO_1915
ACADÊMICO_2080;;ALUNO_1916
ACADÊMICO_2081;;ALUNO_1917
ACADÊMICO_2082;;ALUNO_1918
ACADÊMICO_2083;;ALUNO_1919
ACADÊMICO_2084;;ALUNO_1920
ACADÊMICO_2085;;ALUNO_1921
ACADÊMICO_2086;;ALUNO_1922
ACADÊMICO_2087;;ALUNO_1923
ACADÊMICO_2088;;ALUNO_1924
ACADÊMICO_2089;;ALUNO_1925
ACADÊMICO_2090;;ALUNO_1926
ACADÊMICO_2091;;ALUNO_1927
ACADÊMICO_2092;;ALUNO_1928
ACADÊMICO_2093;;ALUNO_1929
ACADÊMICO_2094;;ALUNO_1930
ACADÊMICO_2095;;ALUNO_1931
ACADÊMICO_2096;;ALUNO_1932
ACADÊMICO_2097;;ALUNO_1933
ACADÊMICO_2098;;ALUNO_1934
ACADÊMICO_2099;;ALUNO_1935
ACADÊMICO_2100;;ALUNO_1936
ACADÊMICO_2101;;ALUNO_1937
ACADÊMICO_2102;;ALUNO_1938
ACADÊMICO_2103;;ALUNO_1939
ACADÊMICO_2104;;ALUNO_1940
ACADÊMICO_2105;;ALUNO_1941
ACADÊMICO_2106;;ALUNO_1942
ACADÊMICO_2107;;ALUNO_1943
ACADÊMICO_2108;;ALUNO_1944
ACADÊMICO_2109;;ALUNO_1945
ACADÊMICO_2110;;ALUNO_1946
ACADÊMICO_2111;;ALUNO_1947
ACADÊMICO_2112;;ALUNO_1948
ACADÊMICO_2113;;ALUNO_1949
ACADÊMICO_2114;;ALUNO_1950
ACADÊMICO_2115;;ALUNO_1951
ACADÊMICO_2116;;ALUNO_1952
ACADÊMICO_2117;;ALUNO_1953
ACADÊMICO_2118;;ALUNO_1954
ACADÊMICO_2119;;ALUNO_1955
ACADÊMICO_2120;;ALUNO_1956
ACADÊMICO_2121;;ALUNO_1957
ACADÊMICO_2122;;ALUNO_1958
ACADÊMICO_2123;;ALUNO_1959
ACADÊMICO_2124;;ALUNO_1960
ACADÊMICO_2125;;ALUNO_1961
ACADÊMICO_2126;;ALUNO_1962
ACADÊMICO_2127;;ALUNO_1963
ACADÊMICO_2128;;ALUNO_1964
ACADÊMICO_2129;;ALUNO_1965
ACADÊMICO_2130;;ALUNO_1966
ACADÊMICO_2131;;ALUNO_1967
ACADÊMICO_2132;;ALUNO_1968
ACADÊMICO_2133;;ALUNO_1969
ACADÊMICO_2134;;ALUNO_1970
ACADÊMICO_2135;;ALUNO_1971
ACADÊMICO_2136;;ALUNO_1972
ACADÊMICO_2137;;ALUNO_1973
ACADÊMICO_2138;;ALUNO_1974
ACADÊMICO_2139;;ALUNO_1975
ACADÊMICO_2140;;ALUNO_1976
ACADÊMICO_2141;;ALUNO_1977
ACADÊMICO_2142;;ALUNO_1978
ACADÊMICO_2143;;ALUNO_1979
ACADÊMICO_2144;;ALUNO_1980
ACADÊMICO_2145;;ALUNO_1981
ACADÊMICO_2146;;ALUNO_1982
ACADÊMICO_2147;;ALUNO_1983
ACADÊMICO_2148;;ALUNO_1984
ACADÊMICO_2149;;ALUNO_1985
ACADÊMICO_2150;;ALUNO_1986
ACADÊMICO_2151;;ALUNO_1987
ACADÊMICO_2152;;ALUNO_1988
ACADÊMICO_2153;;ALUNO_1989
ACADÊMICO_2154;;ALUNO_1990
ACADÊMICO_2155;;ALUNO_1991
ACADÊMICO_2156;;ALUNO_1992
ACADÊMICO_2157;;ALUNO_1993
ACADÊMICO_2158;;ALUNO_1994
ACADÊMICO_2159;;ALUNO_1995
ACADÊMICO_2160;;ALUNO_1996
ACADÊMICO_2161;;ALUNO_1997
ACADÊMICO_2162;;ALUNO_1998
ACADÊMICO_2163;;ALUNO_1999
ACADÊMICO_2164;;ALUNO_2000
ACADÊMICO_2165;;ALUNO_2001
ACADÊMICO_2166;;ALUNO_2002
ACADÊMICO_2167;;ALUNO_2003
ACADÊMICO_2168;;ALUNO_2004
ACADÊMICO_2169;;ALUNO_2005
ACADÊMICO_2170;;ALUNO_2006
ACADÊMICO_2171;;ALUNO_2007
ACADÊMICO_2172;;ALUNO_2008
ACADÊMICO_2173;;ALUNO_2009
ACADÊMICO_2174;;ALUNO_2010
ACADÊMICO_2175;;ALUNO_2011
ACADÊMICO_2176;;ALUNO_2012
ACADÊMICO_2177;;ALUNO_2013
ACADÊMICO_2178;;ALUNO_2014
ACADÊMICO_2179;;ALUNO_2015
ACADÊMICO_2180;;ALUNO_2016
ACADÊMICO_2181;;ALUNO_2017
ACADÊMICO_2182;;ALUNO_2018
ACADÊMICO_2183;;ALUNO_2019
ACADÊMICO_2184;;ALUNO_2020
ACADÊMICO_2185;;ALUNO_2021
ACADÊMICO_2186;;ALUNO_2022
ACADÊMICO_2187;;ALUNO_2023
ACADÊMICO_2188;;ALUNO_2024
ACADÊMICO_2189;;ALUNO_2025
ACADÊMICO_2190;;ALUNO_2026
ACADÊMICO_2191;;ALUNO_2027
ACADÊMICO_2192;;ALUNO_2028
ACADÊMICO_2193;;ALUNO_2029
ACADÊMICO_2194;;ALUNO_2030
ACADÊMICO_2195;;ALUNO_2031
ACADÊMICO_2196;;ALUNO_2032
ACADÊMICO_2197;;ALUNO_2033
ACADÊMICO_2198;;ALUNO_2034
ACADÊMICO_2199;;ALUNO_2035
ACADÊMICO_2200;;ALUNO_2036
ACADÊMICO_2201;;ALUNO_2037
ACADÊMICO_2202;;ALUNO_2038
ACADÊMICO_2203;;ALUNO_2039
ACADÊMICO_2204;;ALUNO_2040
ACADÊMICO_2205;;ALUNO_2041
ACADÊMICO_2206;;ALUNO_2042
ACADÊMICO_2207;;ALUNO_2043
ACADÊMICO_2208;;ALUNO_2044
ACADÊMICO_2209;;ALUNO_2045
ACADÊMICO_2210;;ALUNO_2046
ACADÊMICO_2211;;ALUNO_2047
ACADÊMICO_2212;;ALUNO_2048
ACADÊMICO_2213;;ALUNO_2049
ACADÊMICO_2214;;ALUNO_2050
ACADÊMICO_2215;;ALUNO_2051
ACADÊMICO_2216;;ALUNO_2052
ACADÊMICO_2217;;ALUNO_2053
ACADÊMICO_2218;;ALUNO_2054
ACADÊMICO_2219;;ALUNO_2055
ACADÊMICO_2220;;ALUNO_2056
ACADÊMICO_2221;;ALUNO_2057
ACADÊMICO_2222;;ALUNO_2058
ACADÊMICO_2223;;ALUNO_2059
ACADÊMICO_2224;;ALUNO_2060
ACADÊMICO_2225;;ALUNO_2061
ACADÊMICO_2226;;ALUNO_2062
ACADÊMICO_2227;;ALUNO_2063
ACADÊMICO_2228;;ALUNO_2064
ACADÊMICO_2229;;ALUNO_2065
ACADÊMICO_2230;;ALUNO_2066
ACADÊMICO_2231;;ALUNO_2067
ACADÊMICO_2232;;ALUNO_2068
ACADÊMICO_2233;;ALUNO_2069
ACADÊMICO_2234;;ALUNO_2070
ACADÊMICO_2235;;ALUNO_2071
ACADÊMICO_2236;;ALUNO_2072
ACADÊMICO_2237;;ALUNO_2073
ACADÊMICO_2238;;ALUNO_2074
ACADÊMICO_2239;;ALUNO_2075
ACADÊMICO_2240;;ALUNO_2076
ACADÊMICO_2241;;ALUNO_2077
ACADÊMICO_2242;;ALUNO_2078
ACADÊMICO_2243;;ALUNO_2079
ACADÊMICO_2244;;ALUNO_2080
ACADÊMICO_2245;;ALUNO_2081
ACADÊMICO_2246;;ALUNO_2082
ACADÊMICO_2247;;ALUNO_2083
ACADÊMICO_2248;;ALUNO_2084
ACADÊMICO_2249;;ALUNO_2085
ACADÊMICO_2250;;ALUNO_2086
ACADÊMICO_2251;;ALUNO_2087
ACADÊMICO_2252;;ALUNO_2088
ACADÊMICO_2253;;ALUNO_2089
ACADÊMICO_2254;;ALUNO_2090
ACADÊMICO_2255;;ALUNO_2091
ACADÊMICO_2256;;ALUNO_2092
ACADÊMICO_2257;;ALUNO_2093
ACADÊMICO_2258;;ALUNO_2094
ACADÊMICO_2259;;ALUNO_2095
ACADÊMICO_2260;;ALUNO_2096
ACADÊMICO_2261;;ALUNO_2097
ACADÊMICO_2262;;ALUNO_2098
ACADÊMICO_2263;;ALUNO_2099
ACADÊMICO_2264;;ALUNO_2100
ACADÊMICO_2265;;ALUNO_2101
ACADÊMICO_2266;;ALUNO_2102
ACADÊMICO_2267;;ALUNO_2103
ACADÊMICO_2268;;ALUNO_2104
ACADÊMICO_2269;;ALUNO_2105
ACADÊMICO_2270;;ALUNO_2106
ACADÊMICO_2271;;ALUNO_2107
ACADÊMICO_2272;;ALUNO_2108
ACADÊMICO_2273;;ALUNO_2109
ACADÊMICO_2274;;ALUNO_2110
ACADÊMICO_2275;;ALUNO_2111
ACADÊMICO_2276;;ALUNO_2112
ACADÊMICO_2277;;ALUNO_2113
ACADÊMICO_2278;;ALUNO_2114
ACADÊMICO_2279;;ALUNO_2115
ACADÊMICO_2280;;ALUNO_2116
ACADÊMICO_2281;;ALUNO_2117
ACADÊMICO_2282;;ALUNO_2118
ACADÊMICO_2283;;ALUNO_2119
ACADÊMICO_2284;;ALUNO_2120
ACADÊMICO_2285;;ALUNO_2121
ACADÊMICO_2286;;ALUNO_2122
ACADÊMICO_2287;;ALUNO_2123
ACADÊMICO_2288;;ALUNO_2124
ACADÊMICO_2289;;ALUNO_2125
ACADÊMICO_2290;;ALUNO_2126
ACADÊMICO_2291;;ALUNO_2127
ACADÊMICO_2292;;ALUNO_2128
ACADÊMICO_2293;;ALUNO_2129
ACADÊMICO_2294;;ALUNO_2130
ACADÊMICO_2295;;ALUNO_2131
ACADÊMICO_2296;;ALUNO_2132
ACADÊMICO_2297;;ALUNO_2133
ACADÊMICO_2298;;ALUNO_2134
ACADÊMICO_2299;;ALUNO_2135
ACADÊMICO_2300;;ALUNO_2136
ACADÊMICO_2301;;ALUNO_2137
ACADÊMICO_2302;;ALUNO_2138
ACADÊMICO_2303;;ALUNO_2139
ACADÊMICO_2304;;ALUNO_2140
ACADÊMICO_2305;;ALUNO_2141
ACADÊMICO_2306;;ALUNO_2142
ACADÊMICO_2307;;ALUNO_2143
ACADÊMICO_2308;;ALUNO_2144
ACADÊMICO_2309;;ALUNO_2145
ACADÊMICO_2310;;ALUNO_2146
ACADÊMICO_2311;;ALUNO_2147
ACADÊMICO_2312;;ALUNO_2148
ACADÊMICO_2313;;ALUNO_2149
ACADÊMICO_2314;;ALUNO_2150
ACADÊMICO_2315;;ALUNO_2151
ACADÊMICO_2316;;ALUNO_2152
ACADÊMICO_2317;;ALUNO_2153
ACADÊMICO_2318;;ALUNO_2154
ACADÊMICO_2319;;ALUNO_2155
ACADÊMICO_2320;;ALUNO_2156
ACADÊMICO_2321;;ALUNO_2157
ACADÊMICO_2322;;ALUNO_2158
ACADÊMICO_2323;;ALUNO_2159
ACADÊMICO_2324;;ALUNO_2160
ACADÊMICO_2325;;ALUNO_2161
ACADÊMICO_2326;;ALUNO_2162
ACADÊMICO_2327;;ALUNO_2163
ACADÊMICO_2328;;ALUNO_2164
ACADÊMICO_2329;;ALUNO_2165
ACADÊMICO_2330;;ALUNO_2166
ACADÊMICO_2331;;ALUNO_2167
ACADÊMICO_2332;;ALUNO_2168
ACADÊMICO_2333;;ALUNO_2169
ACADÊMICO_2334;;ALUNO_2170
ACADÊMICO_2335;;ALUNO_2171
ACADÊMICO_2336;;ALUNO_2172
ACADÊMICO_2337;;ALUNO_2173
ACADÊMICO_2338;;ALUNO_2174
ACADÊMICO_2339;;ALUNO_2175
ACADÊMICO_2340;;ALUNO_2176
ACADÊMICO_2341;;ALUNO_2177
ACADÊMICO_2342;;ALUNO_2178
ACADÊMICO_2343;;ALUNO_2179
ACADÊMICO_2344;;ALUNO_2180
ACADÊMICO_2345;;ALUNO_2181
ACADÊMICO_2346;;ALUNO_2182
ACADÊMICO_2347;;ALUNO_2183
ACADÊMICO_2348;;ALUNO_2184
ACADÊMICO_2349;;ALUNO_2185
ACADÊMICO_2350;;ALUNO_2186
ACADÊMICO_2351;;ALUNO_2187
ACADÊMICO_2352;;ALUNO_2188
ACADÊMICO_2353;;ALUNO_2189
ACADÊMICO_2354;;ALUNO_2190
ACADÊMICO_2355;;ALUNO_2191
ACADÊMICO_2356;;ALUNO_2192
ACADÊMICO_2357;;ALUNO_2193
ACADÊMICO_2358;;ALUNO_2194
ACADÊMICO_2359;;ALUNO_2195
ACADÊMICO_2360;;ALUNO_2196
ACADÊMICO_2361;;ALUNO_2197
ACADÊMICO_2362;;ALUNO_2198
ACADÊMICO_2363;;ALUNO_2199
ACADÊMICO_2364;;ALUNO_2200
ACADÊMICO_2365;;ALUNO_2201
ACADÊMICO_2366;;ALUNO_2202
ACADÊMICO_2367;;ALUNO_2203
ACADÊMICO_2368;;ALUNO_2204
ACADÊMICO_2369;;ALUNO_2205
ACADÊMICO_2370;;ALUNO_2206
ACADÊMICO_2371;;ALUNO_2207
ACADÊMICO_2372;;ALUNO_2208
ACADÊMICO_2373;;ALUNO_2209
ACADÊMICO_2374;;ALUNO_2210
ACADÊMICO_2375;;ALUNO_2211
ACADÊMICO_2376;;ALUNO_2212
ACADÊMICO_2377;;ALUNO_2213
ACADÊMICO_2378;;ALUNO_2214
ACADÊMICO_2379;;ALUNO_2215
ACADÊMICO_2380;;ALUNO_2216
ACADÊMICO_2381;;ALUNO_2217
ACADÊMICO_2382;;ALUNO_2218
ACADÊMICO_2383;;ALUNO_2219
ACADÊMICO_2384;;ALUNO_2220
ACADÊMICO_2385;;ALUNO_2221
ACADÊMICO_2386;;ALUNO_2222
ACADÊMICO_2387;;ALUNO_2223
ACADÊMICO_2388;;ALUNO_2224
ACADÊMICO_2389;;ALUNO_2225
ACADÊMICO_2390;;ALUNO_2226
ACADÊMICO_2391;;ALUNO_2227
ACADÊMICO_2392;;ALUNO_2228
ACADÊMICO_2393;;ALUNO_2229
ACADÊMICO_2394;;ALUNO_2230
ACADÊMICO_2395;;ALUNO_2231
ACADÊMICO_2396;;ALUNO_2232
ACADÊMICO_2397;;ALUNO_2233
ACADÊMICO_2398;;ALUNO_2234
ACADÊMICO_2399;;ALUNO_2235
ACADÊMICO_2400;;ALUNO_2236
ACADÊMICO_2401;;ALUNO_2237
ACADÊMICO_2402;;ALUNO_2238
ACADÊMICO_2403;;ALUNO_2239
ACADÊMICO_2404;;ALUNO_2240
ACADÊMICO_2405;;ALUNO_2241
ACADÊMICO_2406;;ALUNO_2242
ACADÊMICO_2407;;ALUNO_2243
ACADÊMICO_2408;;ALUNO_2244
ACADÊMICO_2409;;ALUNO_2245
ACADÊMICO_2410;;ALUNO_2246
ACADÊMICO_2411;;ALUNO_2247
ACADÊMICO_2412;;ALUNO_2248
ACADÊMICO_2413;;ALUNO_2249
ACADÊMICO_2414;;ALUNO_2250
ACADÊMICO_2415;;ALUNO_2251
ACADÊMICO_2416;;ALUNO_2252
ACADÊMICO_2417;;ALUNO_2253
ACADÊMICO_2418;;ALUNO_2254
ACADÊMICO_2419;;ALUNO_2255
ACADÊMICO_2420;;ALUNO_2256
ACADÊMICO_2421;;ALUNO_2257
ACADÊMICO_2422;;ALUNO_2258
ACADÊMICO_2423;;ALUNO_2259
ACADÊMICO_2424;;ALUNO_2260
ACADÊMICO_2425;;ALUNO_2261
ACADÊMICO_2426;;ALUNO_2262
ACADÊMICO_2427;;ALUNO_2263
ACADÊMICO_2428;;ALUNO_2264
ACADÊMICO_2429;;ALUNO_2265
ACADÊMICO_2430;;ALUNO_2266
ACADÊMICO_2431;;ALUNO_2267
ACADÊMICO_2432;;ALUNO_2268
ACADÊMICO_2433;;ALUNO_2269
ACADÊMICO_2434;;ALUNO_2270
ACADÊMICO_2435;;ALUNO_2271
ACADÊMICO_2436;;ALUNO_2272
ACADÊMICO_2437;;ALUNO_2273
ACADÊMICO_2438;;ALUNO_2274
ACADÊMICO_2439;;ALUNO_2275
ACADÊMICO_2440;;ALUNO_2276
ACADÊMICO_2441;;ALUNO_2277
ACADÊMICO_2442;;ALUNO_2278
ACADÊMICO_2443;;ALUNO_2279
ACADÊMICO_2444;;ALUNO_2280
ACADÊMICO_2445;;ALUNO_2281
ACADÊMICO_2446;;ALUNO_2282
ACADÊMICO_2447;;ALUNO_2283
ACADÊMICO_2448;;ALUNO_2284
ACADÊMICO_2449;;ALUNO_2285
ACADÊMICO_2450;;ALUNO_2286
ACADÊMICO_2451;;ALUNO_2287
ACADÊMICO_2452;;ALUNO_2288
ACADÊMICO_2453;;ALUNO_2289
ACADÊMICO_2454;;ALUNO_2290
ACADÊMICO_2455;;ALUNO_2291
ACADÊMICO_2456;;ALUNO_2292
ACADÊMICO_2457;;ALUNO_2293
ACADÊMICO_2458;;ALUNO_2294
ACADÊMICO_2459;;ALUNO_2295
ACADÊMICO_2460;;ALUNO_2296
ACADÊMICO_2461;;ALUNO_2297
ACADÊMICO_2462;;ALUNO_2298
ACADÊMICO_2463;;ALUNO_2299
ACADÊMICO_2464;;ALUNO_2300
ACADÊMICO_2465;;ALUNO_2301
ACADÊMICO_2466;;ALUNO_2302
ACADÊMICO_2467;;ALUNO_2303
ACADÊMICO_2468;;ALUNO_2304
ACADÊMICO_2469;;ALUNO_2305
ACADÊMICO_2470;;ALUNO_2306
ACADÊMICO_2471;;ALUNO_2307
ACADÊMICO_2472;;ALUNO_2308
ACADÊMICO_2473;;ALUNO_2309
ACADÊMICO_2474;;ALUNO_2310
ACADÊMICO_2475;;ALUNO_2311
ACADÊMICO_2476;;ALUNO_2312
ACADÊMICO_2477;;ALUNO_2313
ACADÊMICO_2478;;ALUNO_2314
ACADÊMICO_2479;;ALUNO_2315
ACADÊMICO_2480;;ALUNO_2316
ACADÊMICO_2481;;ALUNO_2317
ACADÊMICO_2482;;ALUNO_2318
ACADÊMICO_2483;;ALUNO_2319
ACADÊMICO_2484;;ALUNO_2320
ACADÊMICO_2485;;ALUNO_2321
ACADÊMICO_2486;;ALUNO_2322
ACADÊMICO_2487;;ALUNO_2323
ACADÊMICO_2488;;ALUNO_2324
ACADÊMICO_2489;;ALUNO_2325
ACADÊMICO_2490;;ALUNO_2326
ACADÊMICO_2491;;ALUNO_2327
ACADÊMICO_2492;;ALUNO_2328
ACADÊMICO_2493;;ALUNO_2329
ACADÊMICO_2494;;ALUNO_2330
ACADÊMICO_2495;;ALUNO_2331
ACADÊMICO_2496;;ALUNO_2332
ACADÊMICO_2497;;ALUNO_2333
ACADÊMICO_2498;;ALUNO_2334
ACADÊMICO_2499;;ALUNO_2335
ACADÊMICO_2500;;ALUNO_2336
ACADÊMICO_2501;;ALUNO_2337
ACADÊMICO_2502;;ALUNO_2338
ACADÊMICO_2503;;ALUNO_2339
ACADÊMICO_2504;;ALUNO_2340
ACADÊMICO_2505;;ALUNO_2341
ACADÊMICO_2506;;ALUNO_2342
ACADÊMICO_2507;;ALUNO_2343
ACADÊMICO_2508;;ALUNO_2344
ACADÊMICO_2509;;ALUNO_2345
ACADÊMICO_2510;;ALUNO_2346
ACADÊMICO_2511;;ALUNO_2347
ACADÊMICO_2512;;ALUNO_2348
ACADÊMICO_2513;;ALUNO_2349
ACADÊMICO_2514;;ALUNO_2350
ACADÊMICO_2515;;ALUNO_2351
ACADÊMICO_2516;;ALUNO_2352
ACADÊMICO_2517;;ALUNO_2353
ACADÊMICO_2518;;ALUNO_2354
ACADÊMICO_2519;;ALUNO_2355
ACADÊMICO_2520;;ALUNO_2356
ACADÊMICO_2521;;ALUNO_2357
ACADÊMICO_2522;;ALUNO_2358
ACADÊMICO_2523;;ALUNO_2359
