ID do Aluno;Curso
ALUNO_1;CIÊNCIA DA COMPUTAÇÃO - BACHARELADO
ALUNO_2;CIÊNCIA DA COMPUTAÇÃO - BACHARELADO
ALUNO_3;CIÊNCIA DA COMPUTAÇÃO - BACHARELADO
ALUNO_4;CIÊNCIA DA COMPUTAÇÃO - BACHARELADO
ALUNO_5;CIÊNCIA DA COMPUTAÇÃO - BACHARELADO
ALUNO_6;CIÊNCIA DA COMPUTAÇÃO - BACHARELADO
ALUNO_7;CIÊNCIA DA COMPUTAÇÃO - BACHARELADO
ALUNO_8;CIÊNCIA DA COMPUTAÇÃO - BACHARELADO
ALUNO_9;CIÊNCIA DA COMPUTAÇÃO - BACHARELADO
ALUNO_10;CIÊNCIA DA COMPUTAÇÃO - BACHARELADO
ALUNO_11;CIÊNCIA DA COMPUTAÇÃO - BACHARELADO
ALUNO_12;CIÊNCIA DA COMPUTAÇÃO - BACHARELADO
ALUNO_13;CIÊNCIA DA COMPUTAÇÃO - BACHARELADO
ALUNO_14;CIÊNCIA DA COMPUTAÇÃO - BACHARELADO
ALUNO_15;CIÊNCIA DA COMPUTAÇÃO - BACHARELADO
ALUNO_16;CIÊNCIA DA COMPUTAÇÃO - BACHARELADO
ALUNO_17;CIÊNCIA DA COMPUTAÇÃO - BACHARELADO
ALUNO_18;CIÊNCIA DA COMPUTAÇÃO - BACHARELADO
ALUNO_19;CIÊNCIA DA COMPUTAÇÃO - BACHARELADO
ALUNO_20;CIÊNCIA DA COMPUTAÇÃO - BACHARELADO
ALUNO_21;CIÊNCIA DA COMPUTAÇÃO - BACHARELADO
ALUNO_22;CIÊNCIA DA COMPUTAÇÃO - BACHARELADO
ALUNO_23;CIÊNCIA DA COMPUTAÇÃO - BACHARELADO
ALUNO_24;CIÊNCIA DA COMPUTAÇÃO - BACHARELADO
ALUNO_25;CIÊNCIA DA COMPUTAÇÃO - BACHARELADO
ALUNO_26;CIÊNCIA DA COMPUTAÇÃO - BACHARELADO
ALUNO_27;CIÊNCIA DA COMPUTAÇÃO - BACHARELADO
ALUNO_28;CIÊNCIA DA COMPUTAÇÃO - BACHARELADO
ALUNO_29;CIÊNCIA DA COMPUTAÇÃO - BACHARELADO
ALUNO_30;CIÊNCIA DA COMPUTAÇÃO - BACHARELADO
ALUNO_31;CIÊNCIA DA COMPUTAÇÃO - BACHARELADO
ALUNO_32;CIÊNCIA DA COMPUTAÇÃO - BACHARELADO
ALUNO_33;CIÊNCIA DA COMPUTAÇÃO - BACHARELADO
ALUNO_34;CIÊNCIA DA COMPUTAÇÃO - BACHARELADO
ALUNO_35;CIÊNCIA DA COMPUTAÇÃO - BACHARELADO
ALUNO_36;CIÊNCIA DA COMPUTAÇÃO - BACHARELADO
ALUNO_37;CIÊNCIA DA COMPUTAÇÃO - BACHARELADO
ALUNO_38;CIÊNCIA DA COMPUTAÇÃO - BACHARELADO
ALUNO_39;CIÊNCIA DA COMPUTAÇÃO - BACHARELADO
ALUNO_40;CIÊNCIA DA COMPUTAÇÃO - BACHARELADO
ALUNO_41;CIÊNCIA DA COMPUTAÇÃO - BACHARELADO
ALUNO_42;CIÊNCIA DA COMPUTAÇÃO - BACHARELADO
ALUNO_43;CIÊNCIA DA COMPUTAÇÃO - BACHARELADO
ALUNO_44;CIÊNCIA DA COMPUTAÇÃO - BACHARELADO
ALUNO_45;CIÊNCIA DA COMPUTAÇÃO - BACHARELADO
ALUNO_46;CIÊNCIA DA COMPUTAÇÃO - BACHARELADO
ALUNO_47;CIÊNCIA DA COMPUTAÇÃO - BACHARELADO
ALUNO_48;CIÊNCIA DA COMPUTAÇÃO - BACHARELADO
ALUNO_49;CIÊNCIA DA COMPUTAÇÃO - BACHARELADO
ALUNO_50;CIÊNCIA DA COMPUTAÇÃO - BACHARELADO
ALUNO_51;CIÊNCIA DA COMPUTAÇÃO - BACHARELADO
ALUNO_52;CIÊNCIA DA COMPUTAÇÃO - BACHARELADO
ALUNO_53;CIÊNCIA DA COMPUTAÇÃO - BACHARELADO
ALUNO_54;CIÊNCIA DA COMPUTAÇÃO - BACHARELADO
ALUNO_55;CIÊNCIA DA COMPUTAÇÃO - BACHARELADO
ALUNO_56;CIÊNCIA DA COMPUTAÇÃO - BACHARELADO
ALUNO_57;CIÊNCIA DA COMPUTAÇÃO - BACHARELADO
ALUNO_58;CIÊNCIA DA COMPUTAÇÃO - BACHARELADO
ALUNO_59;CIÊNCIA DA COMPUTAÇÃO - BACHARELADO
ALUNO_60;CIÊNCIA DA COMPUTAÇÃO - BACHARELADO
ALUNO_61;CIÊNCIA DA COMPUTAÇÃO - BACHARELADO
ALUNO_62;CIÊNCIA DA COMPUTAÇÃO - BACHARELADO
ALUNO_63;CIÊNCIA DA COMPUTAÇÃO - BACHARELADO
ALUNO_64;CIÊNCIA DA COMPUTAÇÃO - BACHARELADO
ALUNO_65;CIÊNCIA DA COMPUTAÇÃO - BACHARELADO
ALUNO_66;CIÊNCIA DA COMPUTAÇÃO - BACHARELADO
ALUNO_67;CIÊNCIA DA COMPUTAÇÃO - BACHARELADO
ALUNO_68;CIÊNCIA DA COMPUTAÇÃO - BACHARELADO
ALUNO_69;CIÊNCIA DA COMPUTAÇÃO - BACHARELADO
ALUNO_70;CIÊNCIA DA COMPUTAÇÃO - BACHARELADO
ALUNO_71;CIÊNCIA DA COMPUTAÇÃO - BACHARELADO
ALUNO_72;CIÊNCIA DA COMPUTAÇÃO - BACHARELADO
ALUNO_73;CIÊNCIA DA COMPUTAÇÃO - BACHARELADO
ALUNO_74;CIÊNCIA DA COMPUTAÇÃO - BACHARELADO
ALUNO_75;CIÊNCIA DA COMPUTAÇÃO - BACHARELADO
ALUNO_76;CIÊNCIA DA COMPUTAÇÃO - BACHARELADO
ALUNO_77;CIÊNCIA DA COMPUTAÇÃO - BACHARELADO
ALUNO_78;CIÊNCIA DA COMPUTAÇÃO - BACHARELADO
ALUNO_79;CIÊNCIA DA COMPUTAÇÃO - BACHARELADO
ALUNO_80;CIÊNCIA DA COMPUTAÇÃO - BACHARELADO
ALUNO_81;CIÊNCIA DA COMPUTAÇÃO - BACHARELADO
ALUNO_82;CIÊNCIA DA COMPUTAÇÃO - BACHARELADO
ALUNO_83;CIÊNCIA DA COMPUTAÇÃO - BACHARELADO
ALUNO_84;CIÊNCIA DA COMPUTAÇÃO - BACHARELADO
ALUNO_85;CIÊNCIA DA COMPUTAÇÃO - BACHARELADO
ALUNO_86;CIÊNCIA DA COMPUTAÇÃO - BACHARELADO
ALUNO_87;CIÊNCIA DA COMPUTAÇÃO - BACHARELADO
ALUNO_88;CIÊNCIA DA COMPUTAÇÃO - BACHARELADO
ALUNO_89;CIÊNCIA DA COMPUTAÇÃO - BACHARELADO
ALUNO_90;CIÊNCIA DA COMPUTAÇÃO - BACHARELADO
ALUNO_91;CIÊNCIA DA COMPUTAÇÃO - BACHARELADO
ALUNO_92;CIÊNCIA DA COMPUTAÇÃO - BACHARELADO
ALUNO_93;CIÊNCIA DA COMPUTAÇÃO - BACHARELADO
ALUNO_94;CIÊNCIA DA COMPUTAÇÃO - BACHARELADO
ALUNO_95;CIÊNCIA DA COMPUTAÇÃO - BACHARELADO
ALUNO_96;CIÊNCIA DA COMPUTAÇÃO - BACHARELADO
ALUNO_97;CIÊNCIA DA COMPUTAÇÃO - BACHARELADO
ALUNO_98;CIÊNCIA DA COMPUTAÇÃO - BACHARELADO
ALUNO_99;CIÊNCIA DA COMPUTAÇÃO - BACHARELADO
ALUNO_100;CIÊNCIA DA COMPUTAÇÃO - BACHARELADO
ALUNO_101;CIÊNCIA DA COMPUTAÇÃO - BACHARELADO
ALUNO_102;CIÊNCIA DA COMPUTAÇÃO - BACHARELADO
ALUNO_103;CIÊNCIA DA COMPUTAÇÃO - BACHARELADO
ALUNO_104;CIÊNCIA DA COMPUTAÇÃO - BACHARELADO
ALUNO_105;CIÊNCIA DA COMPUTAÇÃO - BACHARELADO
ALUNO_106;CIÊNCIA DA COMPUTAÇÃO - BACHARELADO
ALUNO_107;CIÊNCIA DA COMPUTAÇÃO - BACHARELADO
ALUNO_108;CIÊNCIA DA COMPUTAÇÃO - BACHARELADO
ALUNO_109;CIÊNCIA DA COMPUTAÇÃO - BACHARELADO
ALUNO_110;CIÊNCIA DA COMPUTAÇÃO - BACHARELADO
ALUNO_111;CIÊNCIA DA COMPUTAÇÃO - BACHARELADO
ALUNO_112;CIÊNCIA DA COMPUTAÇÃO - BACHARELADO
ALUNO_113;CIÊNCIA DA COMPUTAÇÃO - BACHARELADO
ALUNO_114;CIÊNCIA DA COMPUTAÇÃO - BACHARELADO
ALUNO_115;CIÊNCIA DA COMPUTAÇÃO - BACHARELADO
ALUNO_116;CIÊNCIA DA COMPUTAÇÃO - BACHARELADO
ALUNO_117;CIÊNCIA DA COMPUTAÇÃO - BACHARELADO
ALUNO_118;MATEMÁTICA APLICADA E COMPUTACIONAL - BACHARELADO
ALUNO_119;DIREITO - BACHARELADO
ALUNO_120;DIREITO - BACHARELADO
ALUNO_121;DIREITO - BACHARELADO
ALUNO_122;DIREITO - BACHARELADO
ALUNO_123;DIREITO - BACHARELADO
ALUNO_124;DIREITO - BACHARELADO
ALUNO_125;DIREITO - BACHARELADO
ALUNO_126;DIREITO - BACHARELADO
ALUNO_127;DIREITO - BACHARELADO
ALUNO_128;DIREITO - BACHARELADO
ALUNO_129;DIREITO - BACHARELADO
ALUNO_130;DIREITO - BACHARELADO
ALUNO_131;DIREITO - BACHARELADO
ALUNO_132;DIREITO - BACHARELADO
ALUNO_133;DIREITO - BACHARELADO
ALUNO_134;DIREITO - BACHARELADO
ALUNO_135;DIREITO - BACHARELADO
ALUNO_136;DIREITO - BACHARELADO
ALUNO_137;DIREITO - BACHARELADO
ALUNO_138;DIREITO - BACHARELADO
ALUNO_139;DIREITO - BACHARELADO
ALUNO_140;DIREITO - BACHARELADO
ALUNO_141;DIREITO - BACHARELADO
ALUNO_142;DIREITO - BACHARELADO
ALUNO_143;DIREITO - BACHARELADO
ALUNO_144;DIREITO - BACHARELADO
ALUNO_145;DIREITO - BACHARELADO
ALUNO_146;DIREITO - BACHARELADO
ALUNO_147;DIREITO - BACHARELADO
ALUNO_148;DIREITO - BACHARELADO
ALUNO_149;DIREITO - BACHARELADO
ALUNO_150;DIREITO - BACHARELADO
ALUNO_151;DIREITO - BACHARELADO
ALUNO_152;DIREITO - BACHARELADO
ALUNO_153;DIREITO - BACHARELADO
ALUNO_154;DIREITO - BACHARELADO
ALUNO_155;DIREITO - BACHARELADO
ALUNO_156;DIREITO - BACHARELADO
ALUNO_157;DIREITO - BACHARELADO
ALUNO_158;DIREITO - BACHARELADO
ALUNO_159;DIREITO - BACHARELADO
ALUNO_160;DIREITO - BACHARELADO
ALUNO_161;DIREITO - BACHARELADO
ALUNO_162;DIREITO - BACHARELADO
ALUNO_163;DIREITO - BACHARELADO
ALUNO_164;DIREITO - BACHARELADO
ALUNO_165;DIREITO - BACHARELADO
ALUNO_166;DIREITO - BACHARELADO
ALUNO_167;DIREITO - BACHARELADO
ALUNO_168;DIREITO - BACHARELADO
ALUNO_169;DIREITO - BACHARELADO
ALUNO_170;DIREITO - BACHARELADO
ALUNO_171;DIREITO - BACHARELADO
ALUNO_172;DIREITO - BACHARELADO
ALUNO_173;DIREITO - BACHARELADO
ALUNO_174;DIREITO - BACHARELADO
ALUNO_175;DIREITO - BACHARELADO
ALUNO_176;DIREITO - BACHARELADO
ALUNO_177;DIREITO - BACHARELADO
ALUNO_178;DIREITO - BACHARELADO
ALUNO_179;DIREITO - BACHARELADO
ALUNO_180;DIREITO - BACHARELADO
ALUNO_181;DIREITO - BACHARELADO
ALUNO_182;DIREITO - BACHARELADO
ALUNO_183;DIREITO - BACHARELADO
ALUNO_184;DIREITO - BACHARELADO
ALUNO_185;DIREITO - BACHARELADO
ALUNO_186;DIREITO - BACHARELADO
ALUNO_187;DIREITO - BACHARELADO
ALUNO_188;DIREITO - BACHARELADO
ALUNO_189;DIREITO - BACHARELADO
ALUNO_190;DIREITO - BACHARELADO
ALUNO_191;DIREITO - BACHARELADO
ALUNO_192;DIREITO - BACHARELADO
ALUNO_193;DIREITO - BACHARELADO
ALUNO_194;DIREITO - BACHARELADO
ALUNO_195;DIREITO - BACHARELADO
ALUNO_196;DIREITO - BACHARELADO
ALUNO_197;DIREITO - BACHARELADO
ALUNO_198;DIREITO - BACHARELADO
ALUNO_199;DIREITO - BACHARELADO
ALUNO_200;DIREITO - BACHARELADO
ALUNO_201;DIREITO - BACHARELADO
ALUNO_202;DIREITO - BACHARELADO
ALUNO_203;DIREITO - BACHARELADO
ALUNO_204;DIREITO - BACHARELADO
ALUNO_205;DIREITO - BACHARELADO
ALUNO_206;DIREITO - BACHARELADO
ALUNO_207;DIREITO - BACHARELADO
ALUNO_208;DIREITO - BACHARELADO
ALUNO_209;DIREITO - BACHARELADO
ALUNO_210;DIREITO - BACHARELADO
ALUNO_211;DIREITO - BACHARELADO
ALUNO_212;DIREITO - BACHARELADO
ALUNO_213;DIREITO - BACHARELADO
ALUNO_214;DIREITO - BACHARELADO
ALUNO_215;DIREITO - BACHARELADO
ALUNO_216;DIREITO - BACHARELADO
ALUNO_217;DIREITO - BACHARELADO
ALUNO_218;DIREITO - BACHARELADO
ALUNO_219;DIREITO - BACHARELADO
ALUNO_220;DIREITO - BACHARELADO
ALUNO_221;DIREITO - BACHARELADO
ALUNO_222;DIREITO - BACHARELADO
ALUNO_223;DIREITO - BACHARELADO
ALUNO_224;DIREITO - BACHARELADO
ALUNO_225;DIREITO - BACHARELADO
ALUNO_226;DIREITO - BACHARELADO
ALUNO_227;DIREITO - BACHARELADO
ALUNO_228;DIREITO - BACHARELADO
ALUNO_229;DIREITO - BACHARELADO
ALUNO_230;DIREITO - BACHARELADO
ALUNO_231;DIREITO - BACHARELADO
ALUNO_232;DIREITO - BACHARELADO
ALUNO_233;DIREITO - BACHARELADO
ALUNO_234;DIREITO - BACHARELADO
ALUNO_235;DIREITO - BACHARELADO
ALUNO_236;DIREITO - BACHARELADO
ALUNO_237;DIREITO - BACHARELADO
ALUNO_238;DIREITO - BACHARELADO
ALUNO_239;DIREITO - BACHARELADO
ALUNO_240;DIREITO - BACHARELADO
ALUNO_241;DIREITO - BACHARELADO
ALUNO_242;DIREITO - BACHARELADO
ALUNO_243;DIREITO - BACHARELADO
ALUNO_244;DIREITO - BACHARELADO
ALUNO_245;DIREITO - BACHARELADO
ALUNO_246;DIREITO - BACHARELADO
ALUNO_247;DIREITO - BACHARELADO
ALUNO_248;DIREITO - BACHARELADO
ALUNO_249;DIREITO - BACHARELADO
ALUNO_250;DIREITO - BACHARELADO
ALUNO_251;DIREITO - BACHARELADO
ALUNO_252;DIREITO - BACHARELADO
ALUNO_253;DIREITO - BACHARELADO
ALUNO_254;DIREITO - BACHARELADO
ALUNO_255;DIREITO - BACHARELADO
ALUNO_256;DIREITO - BACHARELADO
ALUNO_257;DIREITO - BACHARELADO
ALUNO_258;DIREITO - BACHARELADO
ALUNO_259;DIREITO - BACHARELADO
ALUNO_260;DIREITO - BACHARELADO
ALUNO_261;DIREITO - BACHARELADO
ALUNO_262;DIREITO - BACHARELADO
ALUNO_263;DIREITO - BACHARELADO
ALUNO_264;DIREITO - BACHARELADO
ALUNO_265;DIREITO - BACHARELADO
ALUNO_266;DIREITO - BACHARELADO
ALUNO_267;DIREITO - BACHARELADO
ALUNO_268;DIREITO - BACHARELADO
ALUNO_269;DIREITO - BACHARELADO
ALUNO_270;DIREITO - BACHARELADO
ALUNO_271;DIREITO - BACHARELADO
ALUNO_272;DIREITO - BACHARELADO
ALUNO_273;DIREITO - BACHARELADO
ALUNO_274;DIREITO - BACHARELADO
ALUNO_275;DIREITO - BACHARELADO
ALUNO_276;DIREITO - BACHARELADO
ALUNO_277;DIREITO - BACHARELADO
ALUNO_278;DIREITO - BACHARELADO
ALUNO_279;DIREITO - BACHARELADO
ALUNO_280;DIREITO - BACHARELADO
ALUNO_281;DIREITO - BACHARELADO
ALUNO_282;DIREITO - BACHARELADO
ALUNO_283;DIREITO - BACHARELADO
ALUNO_284;DIREITO - BACHARELADO
ALUNO_285;DIREITO - BACHARELADO
ALUNO_286;DIREITO - BACHARELADO
ALUNO_287;DIREITO - BACHARELADO
ALUNO_288;DIREITO - BACHARELADO
ALUNO_289;DIREITO - BACHARELADO
ALUNO_290;DIREITO - BACHARELADO
ALUNO_291;DIREITO - BACHARELADO
ALUNO_292;DIREITO - BACHARELADO
ALUNO_293;DIREITO - BACHARELADO
ALUNO_294;DIREITO - BACHARELADO
ALUNO_295;DIREITO - BACHARELADO
ALUNO_296;DIREITO - BACHARELADO
ALUNO_297;DIREITO - BACHARELADO
ALUNO_298;DIREITO - BACHARELADO
ALUNO_299;DIREITO - BACHARELADO
ALUNO_300;DIREITO - BACHARELADO
ALUNO_301;DIREITO - BACHARELADO
ALUNO_302;DIREITO - BACHARELADO
ALUNO_303;DIREITO - BACHARELADO
ALUNO_304;DIREITO - BACHARELADO
ALUNO_305;DIREITO - BACHARELADO
ALUNO_306;DIREITO - BACHARELADO
ALUNO_307;DIREITO - BACHARELADO
ALUNO_308;DIREITO - BACHARELADO
ALUNO_309;DIREITO - BACHARELADO
ALUNO_310;DIREITO - BACHARELADO
ALUNO_311;DIREITO - BACHARELADO
ALUNO_312;DIREITO - BACHARELADO
ALUNO_313;DIREITO - BACHARELADO
ALUNO_314;DIREITO - BACHARELADO
ALUNO_315;DIREITO - BACHARELADO
ALUNO_316;DIREITO - BACHARELADO
ALUNO_317;DIREITO - BACHARELADO
ALUNO_318;DIREITO - BACHARELADO
ALUNO_319;DIREITO - BACHARELADO
ALUNO_320;DIREITO - BACHARELADO
ALUNO_321;DIREITO - BACHARELADO
ALUNO_322;DIREITO - BACHARELADO
ALUNO_323;DIREITO - BACHARELADO
ALUNO_324;DIREITO - BACHARELADO
ALUNO_325;DIREITO - BACHARELADO
ALUNO_326;DIREITO - BACHARELADO
ALUNO_327;DIREITO - BACHARELADO
ALUNO_328;DIREITO - BACHARELADO
ALUNO_329;DIREITO - BACHARELADO
ALUNO_330;DIREITO - BACHARELADO
ALUNO_331;GEOGRAFIA - LICENCIATURA
ALUNO_332;GEOGRAFIA - LICENCIATURA
ALUNO_333;GEOGRAFIA - LICENCIATURA
ALUNO_334;GEOGRAFIA - LICENCIATURA
ALUNO_335;GEOGRAFIA - LICENCIATURA
ALUNO_336;GEOGRAFIA - LICENCIATURA
ALUNO_337;GEOGRAFIA - LICENCIATURA
ALUNO_338;GEOGRAFIA - LICENCIATURA
ALUNO_339;GEOGRAFIA - LICENCIATURA
ALUNO_340;GEOGRAFIA - LICENCIATURA
ALUNO_341;GEOGRAFIA - LICENCIATURA
ALUNO_342;GEOGRAFIA - LICENCIATURA
ALUNO_343;GEOGRAFIA - LICENCIATURA
ALUNO_344;GEOGRAFIA - LICENCIATURA
ALUNO_345;GEOGRAFIA - LICENCIATURA
ALUNO_346;GEOGRAFIA - LICENCIATURA
ALUNO_347;GEOGRAFIA - LICENCIATURA
ALUNO_348;GEOGRAFIA - LICENCIATURA
ALUNO_349;GEOGRAFIA - LICENCIATURA
ALUNO_350;GEOGRAFIA - LICENCIATURA
ALUNO_351;GEOGRAFIA - LICENCIATURA
ALUNO_352;GEOGRAFIA - LICENCIATURA
ALUNO_353;GEOGRAFIA - LICENCIATURA
ALUNO_354;GEOGRAFIA - LICENCIATURA
ALUNO_355;GEOGRAFIA - LICENCIATURA
ALUNO_356;GEOGRAFIA - LICENCIATURA
ALUNO_357;GEOGRAFIA - LICENCIATURA
ALUNO_358;GEOGRAFIA - LICENCIATURA
ALUNO_359;GEOGRAFIA - LICENCIATURA
ALUNO_360;GEOGRAFIA - LICENCIATURA
ALUNO_361;GEOGRAFIA - LICENCIATURA
ALUNO_362;GEOGRAFIA - LICENCIATURA
ALUNO_363;GEOGRAFIA - LICENCIATURA
ALUNO_364;GEOGRAFIA - LICENCIATURA
ALUNO_365;GEOGRAFIA - LICENCIATURA
ALUNO_366;GEOGRAFIA - LICENCIATURA
ALUNO_367;GEOGRAFIA - LICENCIATURA
ALUNO_368;GEOGRAFIA - LICENCIATURA
ALUNO_369;GEOGRAFIA - LICENCIATURA
ALUNO_370;GEOGRAFIA - LICENCIATURA
ALUNO_371;GEOGRAFIA - LICENCIATURA
ALUNO_372;GEOGRAFIA - LICENCIATURA
ALUNO_373;GEOGRAFIA - LICENCIATURA
ALUNO_374;GEOGRAFIA - LICENCIATURA
ALUNO_375;GEOGRAFIA - LICENCIATURA
ALUNO_376;GEOGRAFIA - LICENCIATURA
ALUNO_377;GEOGRAFIA - LICENCIATURA
ALUNO_378;GEOGRAFIA - LICENCIATURA
ALUNO_379;GEOGRAFIA - LICENCIATURA
ALUNO_380;GEOGRAFIA - LICENCIATURA
ALUNO_381;GEOGRAFIA - LICENCIATURA
ALUNO_382;HISTÓRIA - LICENCIATURA
ALUNO_383;MATEMÁTICA - LICENCIATURA
ALUNO_384;MATEMÁTICA - LICENCIATURA
ALUNO_385;MATEMÁTICA - LICENCIATURA
ALUNO_386;MATEMÁTICA - LICENCIATURA
ALUNO_387;MATEMÁTICA - LICENCIATURA
ALUNO_388;MATEMÁTICA - LICENCIATURA
ALUNO_389;MATEMÁTICA - LICENCIATURA
ALUNO_390;MATEMÁTICA - LICENCIATURA
ALUNO_391;MATEMÁTICA - LICENCIATURA
ALUNO_392;MATEMÁTICA - LICENCIATURA
ALUNO_393;MATEMÁTICA - LICENCIATURA
ALUNO_394;MATEMÁTICA - LICENCIATURA
ALUNO_395;PEDAGOGIA - LICENCIATURA
ALUNO_396;PEDAGOGIA - LICENCIATURA
ALUNO_397;PEDAGOGIA - LICENCIATURA
ALUNO_398;PEDAGOGIA - LICENCIATURA
ALUNO_399;PEDAGOGIA - LICENCIATURA
ALUNO_400;PEDAGOGIA - LICENCIATURA
ALUNO_401;PEDAGOGIA - LICENCIATURA
ALUNO_402;PEDAGOGIA - LICENCIATURA
ALUNO_403;PEDAGOGIA - LICENCIATURA
ALUNO_404;PEDAGOGIA - LICENCIATURA
ALUNO_405;PEDAGOGIA - LICENCIATURA
ALUNO_406;PEDAGOGIA - LICENCIATURA
ALUNO_407;PEDAGOGIA - LICENCIATURA
ALUNO_408;PEDAGOGIA - LICENCIATURA
ALUNO_409;PEDAGOGIA - LICENCIATURA
ALUNO_410;PEDAGOGIA - LICENCIATURA
ALUNO_411;PEDAGOGIA - LICENCIATURA
ALUNO_412;PEDAGOGIA - LICENCIATURA
ALUNO_413;PEDAGOGIA - LICENCIATURA
ALUNO_414;PEDAGOGIA - LICENCIATURA
ALUNO_415;PEDAGOGIA - LICENCIATURA
ALUNO_416;PEDAGOGIA - LICENCIATURA
ALUNO_417;PEDAGOGIA - LICENCIATURA
ALUNO_418;PEDAGOGIA - LICENCIATURA
ALUNO_419;PEDAGOGIA - LICENCIATURA
ALUNO_420;PEDAGOGIA - LICENCIATURA
ALUNO_421;PEDAGOGIA - LICENCIATURA
ALUNO_422;PEDAGOGIA - LICENCIATURA
ALUNO_423;PEDAGOGIA - LICENCIATURA
ALUNO_424;PEDAGOGIA - LICENCIATURA
ALUNO_425;PEDAGOGIA - LICENCIATURA
ALUNO_426;PEDAGOGIA - LICENCIATURA
ALUNO_427;PEDAGOGIA - LICENCIATURA
ALUNO_428;PEDAGOGIA - LICENCIATURA
ALUNO_429;PEDAGOGIA - LICENCIATURA
ALUNO_430;PEDAGOGIA - LICENCIATURA
ALUNO_431;PEDAGOGIA - LICENCIATURA
ALUNO_432;PEDAGOGIA - LICENCIATURA
ALUNO_433;PEDAGOGIA - LICENCIATURA
ALUNO_434;GEOGRAFIA - LICENCIATURA
ALUNO_435;GEOGRAFIA - LICENCIATURA
ALUNO_436;GEOGRAFIA - LICENCIATURA
ALUNO_437;GEOGRAFIA - LICENCIATURA
ALUNO_438;GEOGRAFIA - LICENCIATURA
ALUNO_439;GEOGRAFIA - LICENCIATURA
ALUNO_440;GEOGRAFIA - LICENCIATURA
ALUNO_441;GEOGRAFIA - LICENCIATURA
ALUNO_442;GEOGRAFIA - LICENCIATURA
ALUNO_443;GEOGRAFIA - LICENCIATURA
ALUNO_444;GEOGRAFIA - LICENCIATURA
ALUNO_445;GEOGRAFIA - LICENCIATURA
ALUNO_446;GEOGRAFIA - LICENCIATURA
ALUNO_447;GEOGRAFIA - LICENCIATURA
ALUNO_448;GEOGRAFIA - LICENCIATURA
ALUNO_449;GEOGRAFIA - LICENCIATURA
ALUNO_450;GEOGRAFIA - LICENCIATURA
ALUNO_451;GEOGRAFIA - LICENCIATURA
ALUNO_452;GEOGRAFIA - LICENCIATURA
ALUNO_453;GEOGRAFIA - LICENCIATURA
ALUNO_454;GEOGRAFIA - LICENCIATURA
ALUNO_455;GEOGRAFIA - LICENCIATURA
ALUNO_456;GEOGRAFIA - LICENCIATURA
ALUNO_457;GEOGRAFIA - LICENCIATURA
ALUNO_458;GEOGRAFIA - LICENCIATURA
ALUNO_459;GEOGRAFIA - LICENCIATURA
ALUNO_460;GEOGRAFIA - LICENCIATURA
ALUNO_461;GEOGRAFIA - LICENCIATURA
ALUNO_462;GEOGRAFIA - LICENCIATURA
ALUNO_463;GEOGRAFIA - LICENCIATURA
ALUNO_464;GEOGRAFIA - LICENCIATURA
ALUNO_465;GEOGRAFIA - LICENCIATURA
ALUNO_466;GEOGRAFIA - LICENCIATURA
ALUNO_467;GEOGRAFIA - LICENCIATURA
ALUNO_468;GEOGRAFIA - LICENCIATURA
ALUNO_469;GEOGRAFIA - LICENCIATURA
ALUNO_470;GEOGRAFIA - LICENCIATURA
ALUNO_471;GEOGRAFIA - LICENCIATURA
ALUNO_472;GEOGRAFIA - LICENCIATURA
ALUNO_473;GEOGRAFIA - LICENCIATURA
ALUNO_474;GEOGRAFIA - LICENCIATURA
ALUNO_475;GEOGRAFIA - LICENCIATURA
ALUNO_476;GEOGRAFIA - LICENCIATURA
ALUNO_477;CIÊNCIA DA COMPUTAÇÃO - BACHARELADO
ALUNO_478;CIÊNCIA DA COMPUTAÇÃO - BACHARELADO
ALUNO_479;CIÊNCIA DA COMPUTAÇÃO - BACHARELADO
ALUNO_480;CIÊNCIA DA COMPUTAÇÃO - BACHARELADO
ALUNO_481;CIÊNCIA DA COMPUTAÇÃO - BACHARELADO
ALUNO_482;CIÊNCIA DA COMPUTAÇÃO - BACHARELADO
ALUNO_483;CIÊNCIA DA COMPUTAÇÃO - BACHARELADO
ALUNO_484;CIÊNCIA DA COMPUTAÇÃO - BACHARELADO
ALUNO_485;CIÊNCIA DA COMPUTAÇÃO - BACHARELADO
ALUNO_486;CIÊNCIA DA COMPUTAÇÃO - BACHARELADO
ALUNO_487;CIÊNCIA DA COMPUTAÇÃO - BACHARELADO
ALUNO_488;CIÊNCIA DA COMPUTAÇÃO - BACHARELADO
ALUNO_489;CIÊNCIA DA COMPUTAÇÃO - BACHARELADO
ALUNO_490;CIÊNCIA DA COMPUTAÇÃO - BACHARELADO
ALUNO_491;CIÊNCIA DA COMPUTAÇÃO - BACHARELADO
ALUNO_492;CIÊNCIA DA COMPUTAÇÃO - BACHARELADO
ALUNO_493;CIÊNCIA DA COMPUTAÇÃO - BACHARELADO
ALUNO_494;CIÊNCIA DA COMPUTAÇÃO - BACHARELADO
ALUNO_495;CIÊNCIA DA COMPUTAÇÃO - BACHARELADO
ALUNO_496;CIÊNCIA DA COMPUTAÇÃO - BACHARELADO
ALUNO_497;CIÊNCIA DA COMPUTAÇÃO - BACHARELADO
ALUNO_498;CIÊNCIA DA COMPUTAÇÃO - BACHARELADO
ALUNO_499;CIÊNCIA DA COMPUTAÇÃO - BACHARELADO
ALUNO_500;CIÊNCIA DA COMPUTAÇÃO - BACHARELADO
ALUNO_501;CIÊNCIA DA COMPUTAÇÃO - BACHARELADO
ALUNO_502;CIÊNCIA DA COMPUTAÇÃO - BACHARELADO
ALUNO_503;DIREITO - BACHARELADO
ALUNO_504;DIREITO - BACHARELADO
ALUNO_505;DIREITO - BACHARELADO
ALUNO_506;DIREITO - BACHARELADO
ALUNO_507;DIREITO - BACHARELADO
ALUNO_508;DIREITO - BACHARELADO
ALUNO_509;DIREITO - BACHARELADO
ALUNO_510;DIREITO - BACHARELADO
ALUNO_511;DIREITO - BACHARELADO
ALUNO_512;DIREITO - BACHARELADO
ALUNO_513;DIREITO - BACHARELADO
ALUNO_514;DIREITO - BACHARELADO
ALUNO_515;DIREITO - BACHARELADO
ALUNO_516;DIREITO - BACHARELADO
ALUNO_517;DIREITO - BACHARELADO
ALUNO_518;DIREITO - BACHARELADO
ALUNO_519;GEOGRAFIA - LICENCIATURA
ALUNO_520;MATEMÁTICA - LICENCIATURA
ALUNO_521;MATEMÁTICA - LICENCIATURA
ALUNO_522;MATEMÁTICA - LICENCIATURA
ALUNO_523;MATEMÁTICA - LICENCIATURA
ALUNO_524;MATEMÁTICA - LICENCIATURA
ALUNO_525;MATEMÁTICA - LICENCIATURA
ALUNO_526;MATEMÁTICA - LICENCIATURA
ALUNO_527;MATEMÁTICA - LICENCIATURA
ALUNO_528;MATEMÁTICA - LICENCIATURA
ALUNO_529;MATEMÁTICA - LICENCIATURA
ALUNO_530;MATEMÁTICA - LICENCIATURA
ALUNO_531;MATEMÁTICA - LICENCIATURA
ALUNO_532;MATEMÁTICA - LICENCIATURA
ALUNO_533;MATEMÁTICA - LICENCIATURA
ALUNO_534;MATEMÁTICA - LICENCIATURA
ALUNO_535;MATEMÁTICA - LICENCIATURA
ALUNO_536;MATEMÁTICA - LICENCIATURA
ALUNO_537;MATEMÁTICA - LICENCIATURA
ALUNO_538;MATEMÁTICA - LICENCIATURA
ALUNO_539;MATEMÁTICA - LICENCIATURA
ALUNO_540;MATEMÁTICA - LICENCIATURA
ALUNO_541;MATEMÁTICA - LICENCIATURA
ALUNO_542;MATEMÁTICA - LICENCIATURA
ALUNO_543;MATEMÁTICA - LICENCIATURA
ALUNO_544;MATEMÁTICA - LICENCIATURA
ALUNO_545;MATEMÁTICA - LICENCIATURA
ALUNO_546;MATEMÁTICA - LICENCIATURA
ALUNO_547;MATEMÁTICA APLICADA E COMPUTACIONAL - BACHARELADO
ALUNO_548;MATEMÁTICA APLICADA E COMPUTACIONAL - BACHARELADO
ALUNO_549;MATEMÁTICA APLICADA E COMPUTACIONAL - BACHARELADO
ALUNO_550;MATEMÁTICA APLICADA E COMPUTACIONAL - BACHARELADO
ALUNO_551;MATEMÁTICA APLICADA E COMPUTACIONAL - BACHARELADO
ALUNO_552;MATEMÁTICA APLICADA E COMPUTACIONAL - BACHARELADO
ALUNO_553;CIÊNCIA DA COMPUTAÇÃO - BACHARELADO
ALUNO_554;CIÊNCIA DA COMPUTAÇÃO - BACHARELADO
ALUNO_555;CIÊNCIA DA COMPUTAÇÃO - BACHARELADO
ALUNO_556;CIÊNCIA DA COMPUTAÇÃO - BACHARELADO
ALUNO_557;CIÊNCIA DA COMPUTAÇÃO - BACHARELADO
ALUNO_558;CIÊNCIA DA COMPUTAÇÃO - BACHARELADO
ALUNO_559;CIÊNCIA DA COMPUTAÇÃO - BACHARELADO
ALUNO_560;CIÊNCIA DA COMPUTAÇÃO - BACHARELADO
ALUNO_561;CIÊNCIA DA COMPUTAÇÃO - BACHARELADO
ALUNO_562;CIÊNCIA DA COMPUTAÇÃO - BACHARELADO
ALUNO_563;CIÊNCIA DA COMPUTAÇÃO - BACHARELADO
ALUNO_564;CIÊNCIA DA COMPUTAÇÃO - BACHARELADO
ALUNO_565;CIÊNCIA DA COMPUTAÇÃO - BACHARELADO
ALUNO_566;CIÊNCIA DA COMPUTAÇÃO - BACHARELADO
ALUNO_567;CIÊNCIA DA COMPUTAÇÃO - BACHARELADO
ALUNO_568;CIÊNCIA DA COMPUTAÇÃO - BACHARELADO
ALUNO_569;CIÊNCIA DA COMPUTAÇÃO - BACHARELADO
ALUNO_570;DIREITO - BACHARELADO
ALUNO_571;GEOGRAFIA - LICENCIATURA
ALUNO_572;GEOGRAFIA - LICENCIATURA
ALUNO_573;GEOGRAFIA - LICENCIATURA
ALUNO_574;GEOGRAFIA - LICENCIATURA
ALUNO_575;GEOGRAFIA - LICENCIATURA
ALUNO_576;GEOGRAFIA - LICENCIATURA
ALUNO_577;GEOGRAFIA - LICENCIATURA
ALUNO_578;GEOGRAFIA - LICENCIATURA
ALUNO_579;GEOGRAFIA - LICENCIATURA
ALUNO_580;GEOGRAFIA - LICENCIATURA
ALUNO_581;GEOGRAFIA - LICENCIATURA
ALUNO_582;GEOGRAFIA - LICENCIATURA
ALUNO_583;GEOGRAFIA - LICENCIATURA
ALUNO_584;GEOGRAFIA - LICENCIATURA
ALUNO_585;GEOGRAFIA - LICENCIATURA
ALUNO_586;GEOGRAFIA - LICENCIATURA
ALUNO_587;GEOGRAFIA - LICENCIATURA
ALUNO_588;GEOGRAFIA - LICENCIATURA
ALUNO_589;GEOGRAFIA - LICENCIATURA
ALUNO_590;GEOGRAFIA - LICENCIATURA
ALUNO_591;GEOGRAFIA - LICENCIATURA
ALUNO_592;GEOGRAFIA - LICENCIATURA
ALUNO_593;GEOGRAFIA - LICENCIATURA
ALUNO_594;MATEMÁTICA APLICADA E COMPUTACIONAL - BACHARELADO
ALUNO_595;CIÊNCIA DA COMPUTAÇÃO - BACHARELADO
ALUNO_596;ADMINISTRAÇÃO - BACHARELADO
ALUNO_597;ADMINISTRAÇÃO - BACHARELADO
ALUNO_598;ADMINISTRAÇÃO - BACHARELADO
ALUNO_599;ADMINISTRAÇÃO - BACHARELADO
ALUNO_600;ADMINISTRAÇÃO - BACHARELADO
ALUNO_601;ADMINISTRAÇÃO - BACHARELADO
ALUNO_602;ADMINISTRAÇÃO - BACHARELADO
ALUNO_603;ADMINISTRAÇÃO - BACHARELADO
ALUNO_604;ADMINISTRAÇÃO - BACHARELADO
ALUNO_605;ADMINISTRAÇÃO - BACHARELADO
ALUNO_606;ADMINISTRAÇÃO - BACHARELADO
ALUNO_607;ADMINISTRAÇÃO - BACHARELADO
ALUNO_608;ADMINISTRAÇÃO - BACHARELADO
ALUNO_609;ADMINISTRAÇÃO - BACHARELADO
ALUNO_610;ADMINISTRAÇÃO - BACHARELADO
ALUNO_611;ADMINISTRAÇÃO - BACHARELADO
ALUNO_612;ADMINISTRAÇÃO - BACHARELADO
ALUNO_613;ADMINISTRAÇÃO - BACHARELADO
ALUNO_614;ADMINISTRAÇÃO - BACHARELADO
ALUNO_615;ADMINISTRAÇÃO - BACHARELADO
ALUNO_616;ADMINISTRAÇÃO - BACHARELADO
ALUNO_617;ADMINISTRAÇÃO - BACHARELADO
ALUNO_618;ADMINISTRAÇÃO - BACHARELADO
ALUNO_619;ADMINISTRAÇÃO - BACHARELADO
ALUNO_620;ADMINISTRAÇÃO - BACHARELADO
ALUNO_621;ADMINISTRAÇÃO - BACHARELADO
ALUNO_622;ADMINISTRAÇÃO - BACHARELADO
ALUNO_623;ADMINISTRAÇÃO - BACHARELADO
ALUNO_624;ADMINISTRAÇÃO - BACHARELADO
ALUNO_625;ADMINISTRAÇÃO - BACHARELADO
ALUNO_626;ADMINISTRAÇÃO - BACHARELADO
ALUNO_627;ADMINISTRAÇÃO - BACHARELADO
ALUNO_628;ADMINISTRAÇÃO - BACHARELADO
ALUNO_629;ADMINISTRAÇÃO - BACHARELADO
ALUNO_630;ADMINISTRAÇÃO - BACHARELADO
ALUNO_631;ADMINISTRAÇÃO - BACHARELADO
ALUNO_632;ADMINISTRAÇÃO - BACHARELADO
ALUNO_633;ADMINISTRAÇÃO - BACHARELADO
ALUNO_634;ADMINISTRAÇÃO - BACHARELADO
ALUNO_635;ADMINISTRAÇÃO - BACHARELADO
ALUNO_636;ADMINISTRAÇÃO - BACHARELADO
ALUNO_637;ADMINISTRAÇÃO - BACHARELADO
ALUNO_638;ADMINISTRAÇÃO - BACHARELADO
ALUNO_639;ADMINISTRAÇÃO - BACHARELADO
ALUNO_640;ADMINISTRAÇÃO - BACHARELADO
ALUNO_641;ADMINISTRAÇÃO - BACHARELADO
ALUNO_642;ADMINISTRAÇÃO - BACHARELADO
ALUNO_643;ADMINISTRAÇÃO - BACHARELADO
ALUNO_644;CIÊNCIAS ECONÔMICAS - BACHARELADO
ALUNO_645;CIÊNCIAS ECONÔMICAS - BACHARELADO
ALUNO_646;ADMINISTRAÇÃO - BACHARELADO
ALUNO_647;ADMINISTRAÇÃO - BACHARELADO
ALUNO_648;ADMINISTRAÇÃO - BACHARELADO
ALUNO_649;ADMINISTRAÇÃO - BACHARELADO
ALUNO_650;ADMINISTRAÇÃO - BACHARELADO
ALUNO_651;ADMINISTRAÇÃO - BACHARELADO
ALUNO_652;ADMINISTRAÇÃO - BACHARELADO
ALUNO_653;ADMINISTRAÇÃO - BACHARELADO
ALUNO_654;ADMINISTRAÇÃO - BACHARELADO
ALUNO_655;ADMINISTRAÇÃO - BACHARELADO
ALUNO_656;ADMINISTRAÇÃO - BACHARELADO
ALUNO_657;ADMINISTRAÇÃO - BACHARELADO
ALUNO_658;ADMINISTRAÇÃO - BACHARELADO
ALUNO_659;ADMINISTRAÇÃO - BACHARELADO
ALUNO_660;ADMINISTRAÇÃO - BACHARELADO
ALUNO_661;ADMINISTRAÇÃO - BACHARELADO
ALUNO_662;ADMINISTRAÇÃO - BACHARELADO
ALUNO_663;ADMINISTRAÇÃO - BACHARELADO
ALUNO_664;ADMINISTRAÇÃO - BACHARELADO
ALUNO_665;ADMINISTRAÇÃO - BACHARELADO
ALUNO_666;ADMINISTRAÇÃO - BACHARELADO
ALUNO_667;ADMINISTRAÇÃO - BACHARELADO
ALUNO_668;ADMINISTRAÇÃO - BACHARELADO
ALUNO_669;ADMINISTRAÇÃO - BACHARELADO
ALUNO_670;ADMINISTRAÇÃO - BACHARELADO
ALUNO_671;ADMINISTRAÇÃO - BACHARELADO
ALUNO_672;TURISMO - BACHARELADO
ALUNO_673;TURISMO - BACHARELADO
ALUNO_674;TURISMO - BACHARELADO
ALUNO_675;TURISMO - BACHARELADO
ALUNO_676;TURISMO - BACHARELADO
ALUNO_677;TURISMO - BACHARELADO
ALUNO_678;TURISMO - BACHARELADO
ALUNO_679;TURISMO - BACHARELADO
ALUNO_680;TURISMO - BACHARELADO
ALUNO_681;TURISMO - BACHARELADO
ALUNO_682;TURISMO - BACHARELADO
ALUNO_683;TURISMO - BACHARELADO
ALUNO_684;TURISMO - BACHARELADO
ALUNO_685;TURISMO - BACHARELADO
ALUNO_686;TURISMO - BACHARELADO
ALUNO_687;TURISMO - BACHARELADO
ALUNO_688;TURISMO - BACHARELADO
ALUNO_689;TURISMO - BACHARELADO
ALUNO_690;TURISMO - BACHARELADO
ALUNO_691;TURISMO - BACHARELADO
ALUNO_692;TURISMO - BACHARELADO
ALUNO_693;TURISMO - BACHARELADO
ALUNO_694;TURISMO - BACHARELADO
ALUNO_695;TURISMO - BACHARELADO
ALUNO_696;TURISMO - BACHARELADO
ALUNO_697;TURISMO - BACHARELADO
ALUNO_698;TURISMO - BACHARELADO
ALUNO_699;TURISMO - BACHARELADO
ALUNO_700;TURISMO - BACHARELADO
ALUNO_701;TURISMO - BACHARELADO
ALUNO_702;TURISMO - BACHARELADO
ALUNO_703;TURISMO - BACHARELADO
ALUNO_704;TURISMO - BACHARELADO
ALUNO_705;TURISMO - BACHARELADO
ALUNO_706;TURISMO - BACHARELADO
ALUNO_707;TURISMO - BACHARELADO
ALUNO_708;TURISMO - BACHARELADO
ALUNO_709;TURISMO - BACHARELADO
ALUNO_710;TURISMO - BACHARELADO
ALUNO_711;TURISMO - BACHARELADO
ALUNO_712;TURISMO - BACHARELADO
ALUNO_713;TURISMO - BACHARELADO
ALUNO_714;TURISMO - BACHARELADO
ALUNO_715;TURISMO - BACHARELADO
ALUNO_716;TURISMO - BACHARELADO
ALUNO_717;TURISMO - BACHARELADO
ALUNO_718;TURISMO - BACHARELADO
ALUNO_719;TURISMO - BACHARELADO
ALUNO_720;TURISMO - BACHARELADO
ALUNO_721;CIÊNCIAS ECONÔMICAS - BACHARELADO
ALUNO_722;CIÊNCIAS ECONÔMICAS - BACHARELADO
ALUNO_723;CIÊNCIAS ECONÔMICAS - BACHARELADO
ALUNO_724;CIÊNCIAS ECONÔMICAS - BACHARELADO
ALUNO_725;CIÊNCIAS ECONÔMICAS - BACHARELADO
ALUNO_726;CIÊNCIAS ECONÔMICAS - BACHARELADO
ALUNO_727;CIÊNCIAS ECONÔMICAS - BACHARELADO
ALUNO_728;CIÊNCIAS ECONÔMICAS - BACHARELADO
ALUNO_729;CIÊNCIAS ECONÔMICAS - BACHARELADO
ALUNO_730;CIÊNCIAS ECONÔMICAS - BACHARELADO
ALUNO_731;CIÊNCIAS ECONÔMICAS - BACHARELADO
ALUNO_732;CIÊNCIAS ECONÔMICAS - BACHARELADO
ALUNO_733;CIÊNCIAS ECONÔMICAS - BACHARELADO
ALUNO_734;CIÊNCIAS ECONÔMICAS - BACHARELADO
ALUNO_735;CIÊNCIAS ECONÔMICAS - BACHARELADO
ALUNO_736;CIÊNCIAS ECONÔMICAS - BACHARELADO
ALUNO_737;CIÊNCIAS ECONÔMICAS - BACHARELADO
ALUNO_738;CIÊNCIAS ECONÔMICAS - BACHARELADO
ALUNO_739;CIÊNCIAS ECONÔMICAS - BACHARELADO
ALUNO_740;CIÊNCIAS ECONÔMICAS - BACHARELADO
ALUNO_741;CIÊNCIAS ECONÔMICAS - BACHARELADO
ALUNO_742;CIÊNCIAS ECONÔMICAS - BACHARELADO
ALUNO_743;CIÊNCIAS ECONÔMICAS - BACHARELADO
ALUNO_744;CIÊNCIAS ECONÔMICAS - BACHARELADO
ALUNO_745;CIÊNCIAS ECONÔMICAS - BACHARELADO
ALUNO_746;CIÊNCIAS ECONÔMICAS - BACHARELADO
ALUNO_747;CIÊNCIAS ECONÔMICAS - BACHARELADO
ALUNO_748;CIÊNCIAS ECONÔMICAS - BACHARELADO
ALUNO_749;CIÊNCIAS ECONÔMICAS - BACHARELADO
ALUNO_750;CIÊNCIAS ECONÔMICAS - BACHARELADO
ALUNO_751;CIÊNCIAS ECONÔMICAS - BACHARELADO
ALUNO_752;CIÊNCIAS ECONÔMICAS - BACHARELADO
ALUNO_753;CIÊNCIAS ECONÔMICAS - BACHARELADO
ALUNO_754;CIÊNCIAS ECONÔMICAS - BACHARELADO
ALUNO_755;CIÊNCIAS ECONÔMICAS - BACHARELADO
ALUNO_756;CIÊNCIAS ECONÔMICAS - BACHARELADO
ALUNO_757;CIÊNCIAS ECONÔMICAS - BACHARELADO
ALUNO_758;CIÊNCIAS ECONÔMICAS - BACHARELADO
ALUNO_759;CIÊNCIAS ECONÔMICAS - BACHARELADO
ALUNO_760;CIÊNCIAS ECONÔMICAS - BACHARELADO
ALUNO_761;CIÊNCIAS ECONÔMICAS - BACHARELADO
ALUNO_762;CIÊNCIAS ECONÔMICAS - BACHARELADO
ALUNO_763;CIÊNCIAS ECONÔMICAS - BACHARELADO
ALUNO_764;CIÊNCIAS ECONÔMICAS - BACHARELADO
ALUNO_765;CIÊNCIAS ECONÔMICAS - BACHARELADO
ALUNO_766;CIÊNCIAS ECONÔMICAS - BACHARELADO
ALUNO_767;CIÊNCIAS ECONÔMICAS - BACHARELADO
ALUNO_768;CIÊNCIAS ECONÔMICAS - BACHARELADO
ALUNO_769;CIÊNCIAS ECONÔMICAS - BACHARELADO
ALUNO_770;CIÊNCIAS ECONÔMICAS - BACHARELADO
ALUNO_771;CIÊNCIAS ECONÔMICAS - BACHARELADO
ALUNO_772;CIÊNCIAS ECONÔMICAS - BACHARELADO
ALUNO_773;CIÊNCIAS ECONÔMICAS - BACHARELADO
ALUNO_774;CIÊNCIAS ECONÔMICAS - BACHARELADO
ALUNO_775;CIÊNCIAS ECONÔMICAS - BACHARELADO
ALUNO_776;CIÊNCIAS ECONÔMICAS - BACHARELADO
ALUNO_777;CIÊNCIAS ECONÔMICAS - BACHARELADO
ALUNO_778;CIÊNCIAS ECONÔMICAS - BACHARELADO
ALUNO_779;CIÊNCIAS ECONÔMICAS - BACHARELADO
ALUNO_780;CIÊNCIAS ECONÔMICAS - BACHARELADO
ALUNO_781;CIÊNCIAS ECONÔMICAS - BACHARELADO
ALUNO_782;CIÊNCIAS ECONÔMICAS - BACHARELADO
ALUNO_783;CIÊNCIAS ECONÔMICAS - BACHARELADO
ALUNO_784;CIÊNCIAS ECONÔMICAS - BACHARELADO
ALUNO_785;CIÊNCIAS ECONÔMICAS - BACHARELADO
ALUNO_786;CIÊNCIAS ECONÔMICAS - BACHARELADO
ALUNO_787;CIÊNCIAS ECONÔMICAS - BACHARELADO
ALUNO_788;CIÊNCIAS ECONÔMICAS - BACHARELADO
ALUNO_789;CIÊNCIAS ECONÔMICAS - BACHARELADO
ALUNO_790;CIÊNCIAS ECONÔMICAS - BACHARELADO
ALUNO_791;CIÊNCIAS ECONÔMICAS - BACHARELADO
ALUNO_792;CIÊNCIAS ECONÔMICAS - BACHARELADO
ALUNO_793;CIÊNCIAS ECONÔMICAS - BACHARELADO
ALUNO_794;CIÊNCIAS ECONÔMICAS - BACHARELADO
ALUNO_795;CIÊNCIAS ECONÔMICAS - BACHARELADO
ALUNO_796;CIÊNCIAS ECONÔMICAS - BACHARELADO
ALUNO_797;CIÊNCIAS ECONÔMICAS - BACHARELADO
ALUNO_798;CIÊNCIAS ECONÔMICAS - BACHARELADO
ALUNO_799;CIÊNCIAS ECONÔMICAS - BACHARELADO
ALUNO_800;CIÊNCIAS ECONÔMICAS - BACHARELADO
ALUNO_801;CIÊNCIAS ECONÔMICAS - BACHARELADO
ALUNO_802;CIÊNCIAS ECONÔMICAS - BACHARELADO
ALUNO_803;CIÊNCIAS ECONÔMICAS - BACHARELADO
ALUNO_804;CIÊNCIAS ECONÔMICAS - BACHARELADO
ALUNO_805;CIÊNCIAS ECONÔMICAS - BACHARELADO
ALUNO_806;CIÊNCIAS ECONÔMICAS - BACHARELADO
ALUNO_807;CIÊNCIAS ECONÔMICAS - BACHARELADO
ALUNO_808;CIÊNCIAS ECONÔMICAS - BACHARELADO
ALUNO_809;CIÊNCIAS ECONÔMICAS - BACHARELADO
ALUNO_810;CIÊNCIAS ECONÔMICAS - BACHARELADO
ALUNO_811;CIÊNCIAS ECONÔMICAS - BACHARELADO
ALUNO_812;CIÊNCIAS ECONÔMICAS - BACHARELADO
ALUNO_813;CIÊNCIAS ECONÔMICAS - BACHARELADO
ALUNO_814;CIÊNCIAS ECONÔMICAS - BACHARELADO
ALUNO_815;CIÊNCIAS ECONÔMICAS - BACHARELADO
ALUNO_816;HISTÓRIA - LICENCIATURA
ALUNO_817;HISTÓRIA - LICENCIATURA
ALUNO_818;CIÊNCIAS ECONÔMICAS - BACHARELADO
ALUNO_819;CIÊNCIAS ECONÔMICAS - BACHARELADO
ALUNO_820;CIÊNCIAS ECONÔMICAS - BACHARELADO
ALUNO_821;CIÊNCIAS ECONÔMICAS - BACHARELADO
ALUNO_822;CIÊNCIAS ECONÔMICAS - BACHARELADO
ALUNO_823;CIÊNCIAS ECONÔMICAS - BACHARELADO
ALUNO_824;CIÊNCIAS ECONÔMICAS - BACHARELADO
ALUNO_825;CIÊNCIAS ECONÔMICAS - BACHARELADO
ALUNO_826;CIÊNCIAS ECONÔMICAS - BACHARELADO
ALUNO_827;CIÊNCIAS ECONÔMICAS - BACHARELADO
ALUNO_828;CIÊNCIAS ECONÔMICAS - BACHARELADO
ALUNO_829;CIÊNCIAS ECONÔMICAS - BACHARELADO
ALUNO_830;CIÊNCIAS ECONÔMICAS - BACHARELADO
ALUNO_831;CIÊNCIAS ECONÔMICAS - BACHARELADO
ALUNO_832;CIÊNCIAS ECONÔMICAS - BACHARELADO
ALUNO_833;CIÊNCIAS ECONÔMICAS - BACHARELADO
ALUNO_834;CIÊNCIAS ECONÔMICAS - BACHARELADO
ALUNO_835;CIÊNCIAS ECONÔMICAS - BACHARELADO
ALUNO_836;CIÊNCIAS ECONÔMICAS - BACHARELADO
ALUNO_837;CIÊNCIAS ECONÔMICAS - BACHARELADO
ALUNO_838;CIÊNCIAS ECONÔMICAS - BACHARELADO
ALUNO_839;CIÊNCIAS ECONÔMICAS - BACHARELADO
ALUNO_840;CIÊNCIAS ECONÔMICAS - BACHARELADO
ALUNO_841;CIÊNCIAS ECONÔMICAS - BACHARELADO
ALUNO_842;CIÊNCIAS ECONÔMICAS - BACHARELADO
ALUNO_843;CIÊNCIAS ECONÔMICAS - BACHARELADO
ALUNO_844;CIÊNCIAS ECONÔMICAS - BACHARELADO
ALUNO_845;CIÊNCIAS ECONÔMICAS - BACHARELADO
ALUNO_846;CIÊNCIAS ECONÔMICAS - BACHARELADO
ALUNO_847;CIÊNCIAS ECONÔMICAS - BACHARELADO
ALUNO_848;CIÊNCIAS ECONÔMICAS - BACHARELADO
ALUNO_849;CIÊNCIAS ECONÔMICAS - BACHARELADO
ALUNO_850;CIÊNCIAS ECONÔMICAS - BACHARELADO
ALUNO_851;CIÊNCIAS ECONÔMICAS - BACHARELADO
ALUNO_852;CIÊNCIAS ECONÔMICAS - BACHARELADO
ALUNO_853;CIÊNCIAS ECONÔMICAS - BACHARELADO
ALUNO_854;CIÊNCIAS ECONÔMICAS - BACHARELADO
ALUNO_855;CIÊNCIAS ECONÔMICAS - BACHARELADO
ALUNO_856;CIÊNCIAS ECONÔMICAS - BACHARELADO
ALUNO_857;CIÊNCIAS ECONÔMICAS - BACHARELADO
ALUNO_858;CIÊNCIAS ECONÔMICAS - BACHARELADO
ALUNO_859;CIÊNCIAS ECONÔMICAS - BACHARELADO
ALUNO_860;CIÊNCIAS ECONÔMICAS - BACHARELADO
ALUNO_861;CIÊNCIAS ECONÔMICAS - BACHARELADO
ALUNO_862;CIÊNCIAS ECONÔMICAS - BACHARELADO
ALUNO_863;CIÊNCIAS ECONÔMICAS - BACHARELADO
ALUNO_864;CIÊNCIAS ECONÔMICAS - BACHARELADO
ALUNO_865;CIÊNCIAS ECONÔMICAS - BACHARELADO
ALUNO_866;CIÊNCIAS ECONÔMICAS - BACHARELADO
ALUNO_867;CIÊNCIAS ECONÔMICAS - BACHARELADO
ALUNO_868;CIÊNCIAS ECONÔMICAS - BACHARELADO
ALUNO_869;CIÊNCIAS ECONÔMICAS - BACHARELADO
ALUNO_870;CIÊNCIAS ECONÔMICAS - BACHARELADO
ALUNO_871;CIÊNCIAS ECONÔMICAS - BACHARELADO
ALUNO_872;CIÊNCIAS ECONÔMICAS - BACHARELADO
ALUNO_873;CIÊNCIAS ECONÔMICAS - BACHARELADO
ALUNO_874;CIÊNCIAS ECONÔMICAS - BACHARELADO
ALUNO_875;CIÊNCIAS ECONÔMICAS - BACHARELADO
ALUNO_876;CIÊNCIAS ECONÔMICAS - BACHARELADO
ALUNO_877;CIÊNCIAS ECONÔMICAS - BACHARELADO
ALUNO_878;CIÊNCIAS ECONÔMICAS - BACHARELADO
ALUNO_879;CIÊNCIAS ECONÔMICAS - BACHARELADO
ALUNO_880;CIÊNCIAS ECONÔMICAS - BACHARELADO
ALUNO_881;CIÊNCIAS ECONÔMICAS - BACHARELADO
ALUNO_882;CIÊNCIAS ECONÔMICAS - BACHARELADO
ALUNO_883;CIÊNCIAS ECONÔMICAS - BACHARELADO
ALUNO_884;CIÊNCIAS ECONÔMICAS - BACHARELADO
ALUNO_885;CIÊNCIAS ECONÔMICAS - BACHARELADO
ALUNO_886;CIÊNCIAS ECONÔMICAS - BACHARELADO
ALUNO_887;CIÊNCIAS ECONÔMICAS - BACHARELADO
ALUNO_888;CIÊNCIAS ECONÔMICAS - BACHARELADO
ALUNO_889;CIÊNCIAS ECONÔMICAS - BACHARELADO
ALUNO_890;CIÊNCIAS ECONÔMICAS - BACHARELADO
ALUNO_891;CIÊNCIAS ECONÔMICAS - BACHARELADO
ALUNO_892;CIÊNCIAS ECONÔMICAS - BACHARELADO
ALUNO_893;CIÊNCIAS ECONÔMICAS - BACHARELADO
ALUNO_894;CIÊNCIAS ECONÔMICAS - BACHARELADO
ALUNO_895;CIÊNCIAS ECONÔMICAS - BACHARELADO
ALUNO_896;CIÊNCIAS ECONÔMICAS - BACHARELADO
ALUNO_897;CIÊNCIAS ECONÔMICAS - BACHARELADO
ALUNO_898;CIÊNCIAS ECONÔMICAS - BACHARELADO
ALUNO_899;CIÊNCIAS ECONÔMICAS - BACHARELADO
ALUNO_900;CIÊNCIAS ECONÔMICAS - BACHARELADO
ALUNO_901;CIÊNCIAS ECONÔMICAS - BACHARELADO
ALUNO_902;CIÊNCIAS ECONÔMICAS - BACHARELADO
ALUNO_903;CIÊNCIAS ECONÔMICAS - BACHARELADO
ALUNO_904;CIÊNCIAS ECONÔMICAS - BACHARELADO
ALUNO_905;CIÊNCIAS ECONÔMICAS - BACHARELADO
ALUNO_906;CIÊNCIAS ECONÔMICAS - BACHARELADO
ALUNO_907;CIÊNCIAS ECONÔMICAS - BACHARELADO
ALUNO_908;CIÊNCIAS ECONÔMICAS - BACHARELADO
ALUNO_909;CIÊNCIAS ECONÔMICAS - BACHARELADO
ALUNO_910;CIÊNCIAS ECONÔMICAS - BACHARELADO
ALUNO_911;CIÊNCIAS ECONÔMICAS - BACHARELADO
ALUNO_912;CIÊNCIAS ECONÔMICAS - BACHARELADO
ALUNO_913;CIÊNCIAS ECONÔMICAS - BACHARELADO
ALUNO_914;CIÊNCIAS ECONÔMICAS - BACHARELADO
ALUNO_915;CIÊNCIAS ECONÔMICAS - BACHARELADO
ALUNO_916;CIÊNCIAS ECONÔMICAS - BACHARELADO
ALUNO_917;CIÊNCIAS ECONÔMICAS - BACHARELADO
ALUNO_918;CIÊNCIAS ECONÔMICAS - BACHARELADO
ALUNO_919;CIÊNCIAS ECONÔMICAS - BACHARELADO
ALUNO_920;CIÊNCIAS ECONÔMICAS - BACHARELADO
ALUNO_921;CIÊNCIAS ECONÔMICAS - BACHARELADO
ALUNO_922;TURISMO - BACHARELADO
ALUNO_923;TURISMO - BACHARELADO
ALUNO_924;TURISMO - BACHARELADO
ALUNO_925;TURISMO - BACHARELADO
ALUNO_926;TURISMO - BACHARELADO
ALUNO_927;TURISMO - BACHARELADO
ALUNO_928;TURISMO - BACHARELADO
ALUNO_929;TURISMO - BACHARELADO
ALUNO_930;TURISMO - BACHARELADO
ALUNO_931;TURISMO - BACHARELADO
ALUNO_932;TURISMO - BACHARELADO
ALUNO_933;TURISMO - BACHARELADO
ALUNO_934;TURISMO - BACHARELADO
ALUNO_935;TURISMO - BACHARELADO
ALUNO_936;TURISMO - BACHARELADO
ALUNO_937;TURISMO - BACHARELADO
ALUNO_938;TURISMO - BACHARELADO
ALUNO_939;TURISMO - BACHARELADO
ALUNO_940;TURISMO - BACHARELADO
ALUNO_941;TURISMO - BACHARELADO
ALUNO_942;TURISMO - BACHARELADO
ALUNO_943;TURISMO - BACHARELADO
ALUNO_944;TURISMO - BACHARELADO
ALUNO_945;TURISMO - BACHARELADO
ALUNO_946;TURISMO - BACHARELADO
ALUNO_947;TURISMO - BACHARELADO
ALUNO_948;TURISMO - BACHARELADO
ALUNO_949;TURISMO - BACHARELADO
ALUNO_950;TURISMO - BACHARELADO
ALUNO_951;TURISMO - BACHARELADO
ALUNO_952;TURISMO - BACHARELADO
ALUNO_953;TURISMO - BACHARELADO
ALUNO_954;TURISMO - BACHARELADO
ALUNO_955;TURISMO - BACHARELADO
ALUNO_956;TURISMO - BACHARELADO
ALUNO_957;TURISMO - BACHARELADO
ALUNO_958;TURISMO - BACHARELADO
ALUNO_959;TURISMO - BACHARELADO
ALUNO_960;TURISMO - BACHARELADO
ALUNO_961;TURISMO - BACHARELADO
ALUNO_962;TURISMO - BACHARELADO
ALUNO_963;TURISMO - BACHARELADO
ALUNO_964;TURISMO - BACHARELADO
ALUNO_965;TURISMO - BACHARELADO
ALUNO_966;TURISMO - BACHARELADO
ALUNO_967;TURISMO - BACHARELADO
ALUNO_968;TURISMO - BACHARELADO
ALUNO_969;TURISMO - BACHARELADO
ALUNO_970;TURISMO - BACHARELADO
ALUNO_971;TURISMO - BACHARELADO
ALUNO_972;TURISMO - BACHARELADO
ALUNO_973;TURISMO - BACHARELADO
ALUNO_974;TURISMO - BACHARELADO
ALUNO_975;TURISMO - BACHARELADO
ALUNO_976;TURISMO - BACHARELADO
ALUNO_977;TURISMO - BACHARELADO
ALUNO_978;TURISMO - BACHARELADO
ALUNO_979;TURISMO - BACHARELADO
ALUNO_980;TURISMO - BACHARELADO
ALUNO_981;TURISMO - BACHARELADO
ALUNO_982;TURISMO - BACHARELADO
ALUNO_983;TURISMO - BACHARELADO
ALUNO_984;TURISMO - BACHARELADO
ALUNO_985;TURISMO - BACHARELADO
ALUNO_986;TURISMO - BACHARELADO
ALUNO_987;TURISMO - BACHARELADO
ALUNO_988;TURISMO - BACHARELADO
ALUNO_989;TURISMO - BACHARELADO
ALUNO_990;TURISMO - BACHARELADO
ALUNO_991;TURISMO - BACHARELADO
ALUNO_992;TURISMO - BACHARELADO
ALUNO_993;TURISMO - BACHARELADO
ALUNO_994;TURISMO - BACHARELADO
ALUNO_995;TURISMO - BACHARELADO
ALUNO_996;TURISMO - BACHARELADO
ALUNO_997;TURISMO - BACHARELADO
ALUNO_998;TURISMO - BACHARELADO
ALUNO_999;TURISMO - BACHARELADO
ALUNO_1000;TURISMO - BACHARELADO
ALUNO_1001;TURISMO - BACHARELADO
ALUNO_1002;TURISMO - BACHARELADO
ALUNO_1003;TURISMO - BACHARELADO
ALUNO_1004;TURISMO - BACHARELADO
ALUNO_1005;TURISMO - BACHARELADO
ALUNO_1006;TURISMO - BACHARELADO
ALUNO_1007;TURISMO - BACHARELADO
ALUNO_1008;TURISMO - BACHARELADO
ALUNO_1009;TURISMO - BACHARELADO
ALUNO_1010;TURISMO - BACHARELADO
ALUNO_1011;TURISMO - BACHARELADO
ALUNO_1012;TURISMO - BACHARELADO
ALUNO_1013;TURISMO - BACHARELADO
ALUNO_1014;TURISMO - BACHARELADO
ALUNO_1015;TURISMO - BACHARELADO
ALUNO_1016;TURISMO - BACHARELADO
ALUNO_1017;TURISMO - BACHARELADO
ALUNO_1018;TURISMO - BACHARELADO
ALUNO_1019;TURISMO - BACHARELADO
ALUNO_1020;TURISMO - BACHARELADO
ALUNO_1021;TURISMO - BACHARELADO
ALUNO_1022;TURISMO - BACHARELADO
ALUNO_1023;TURISMO - BACHARELADO
ALUNO_1024;TURISMO - BACHARELADO
ALUNO_1025;TURISMO - BACHARELADO
ALUNO_1026;TURISMO - BACHARELADO
ALUNO_1027;TURISMO - BACHARELADO
ALUNO_1028;TURISMO - BACHARELADO
ALUNO_1029;TURISMO - BACHARELADO
ALUNO_1030;TURISMO - BACHARELADO
ALUNO_1031;TURISMO - BACHARELADO
ALUNO_1032;TURISMO - BACHARELADO
ALUNO_1033;TURISMO - BACHARELADO
ALUNO_1034;TURISMO - BACHARELADO
ALUNO_1035;TURISMO - BACHARELADO
ALUNO_1036;TURISMO - BACHARELADO
ALUNO_1037;TURISMO - BACHARELADO
ALUNO_1038;TURISMO - BACHARELADO
ALUNO_1039;ADMINISTRAÇÃO - BACHARELADO
ALUNO_1040;TURISMO - BACHARELADO
ALUNO_1041;TURISMO - BACHARELADO
ALUNO_1042;TURISMO - BACHARELADO
ALUNO_1043;TURISMO - BACHARELADO
ALUNO_1044;TURISMO - BACHARELADO
ALUNO_1045;TURISMO - BACHARELADO
ALUNO_1046;TURISMO - BACHARELADO
ALUNO_1047;TURISMO - BACHARELADO
ALUNO_1048;TURISMO - BACHARELADO
ALUNO_1049;TURISMO - BACHARELADO
ALUNO_1050;TURISMO - BACHARELADO
ALUNO_1051;TURISMO - BACHARELADO
ALUNO_1052;TURISMO - BACHARELADO
ALUNO_1053;TURISMO - BACHARELADO
ALUNO_1054;TURISMO - BACHARELADO
ALUNO_1055;TURISMO - BACHARELADO
ALUNO_1056;TURISMO - BACHARELADO
ALUNO_1057;TURISMO - BACHARELADO
ALUNO_1058;TURISMO - BACHARELADO
ALUNO_1059;TURISMO - BACHARELADO
ALUNO_1060;TURISMO - BACHARELADO
ALUNO_1061;TURISMO - BACHARELADO
ALUNO_1062;TURISMO - BACHARELADO
ALUNO_1063;TURISMO - BACHARELADO
ALUNO_1064;TURISMO - BACHARELADO
ALUNO_1065;TURISMO - BACHARELADO
ALUNO_1066;TURISMO - BACHARELADO
ALUNO_1067;TURISMO - BACHARELADO
ALUNO_1068;TURISMO - BACHARELADO
ALUNO_1069;TURISMO - BACHARELADO
ALUNO_1070;PEDAGOGIA - LICENCIATURA
ALUNO_1071;PEDAGOGIA - LICENCIATURA
ALUNO_1072;PEDAGOGIA - LICENCIATURA
ALUNO_1073;PEDAGOGIA - LICENCIATURA
ALUNO_1074;PEDAGOGIA - LICENCIATURA
ALUNO_1075;PEDAGOGIA - LICENCIATURA
ALUNO_1076;PEDAGOGIA - LICENCIATURA
ALUNO_1077;PEDAGOGIA - LICENCIATURA
ALUNO_1078;PEDAGOGIA - LICENCIATURA
ALUNO_1079;PEDAGOGIA - LICENCIATURA
ALUNO_1080;PEDAGOGIA - LICENCIATURA
ALUNO_1081;PEDAGOGIA - LICENCIATURA
ALUNO_1082;PEDAGOGIA - LICENCIATURA
ALUNO_1083;PEDAGOGIA - LICENCIATURA
ALUNO_1084;PEDAGOGIA - LICENCIATURA
ALUNO_1085;PEDAGOGIA - LICENCIATURA
ALUNO_1086;PEDAGOGIA - LICENCIATURA
ALUNO_1087;PEDAGOGIA - LICENCIATURA
ALUNO_1088;PEDAGOGIA - LICENCIATURA
ALUNO_1089;PEDAGOGIA - LICENCIATURA
ALUNO_1090;PEDAGOGIA - LICENCIATURA
ALUNO_1091;PEDAGOGIA - LICENCIATURA
ALUNO_1092;PEDAGOGIA - LICENCIATURA
ALUNO_1093;PEDAGOGIA - LICENCIATURA
ALUNO_1094;PEDAGOGIA - LICENCIATURA
ALUNO_1095;PEDAGOGIA - LICENCIATURA
ALUNO_1096;PEDAGOGIA - LICENCIATURA
ALUNO_1097;PEDAGOGIA - LICENCIATURA
ALUNO_1098;PEDAGOGIA - LICENCIATURA
ALUNO_1099;PEDAGOGIA - LICENCIATURA
ALUNO_1100;PEDAGOGIA - LICENCIATURA
ALUNO_1101;PEDAGOGIA - LICENCIATURA
ALUNO_1102;PEDAGOGIA - LICENCIATURA
ALUNO_1103;PEDAGOGIA - LICENCIATURA
ALUNO_1104;PEDAGOGIA - LICENCIATURA
ALUNO_1105;PEDAGOGIA - LICENCIATURA
ALUNO_1106;PEDAGOGIA - LICENCIATURA
ALUNO_1107;PEDAGOGIA - LICENCIATURA
ALUNO_1108;PEDAGOGIA - LICENCIATURA
ALUNO_1109;PEDAGOGIA - LICENCIATURA
ALUNO_1110;PEDAGOGIA - LICENCIATURA
ALUNO_1111;PEDAGOGIA - LICENCIATURA
ALUNO_1112;PEDAGOGIA - LICENCIATURA
ALUNO_1113;PEDAGOGIA - LICENCIATURA
ALUNO_1114;PEDAGOGIA - LICENCIATURA
ALUNO_1115;PEDAGOGIA - LICENCIATURA
ALUNO_1116;PEDAGOGIA - LICENCIATURA
ALUNO_1117;PEDAGOGIA - LICENCIATURA
ALUNO_1118;PEDAGOGIA - LICENCIATURA
ALUNO_1119;PEDAGOGIA - LICENCIATURA
ALUNO_1120;PEDAGOGIA - LICENCIATURA
ALUNO_1121;PEDAGOGIA - LICENCIATURA
ALUNO_1122;PEDAGOGIA - LICENCIATURA
ALUNO_1123;PEDAGOGIA - LICENCIATURA
ALUNO_1124;PEDAGOGIA - LICENCIATURA
ALUNO_1125;PEDAGOGIA - LICENCIATURA
ALUNO_1126;PEDAGOGIA - LICENCIATURA
ALUNO_1127;PEDAGOGIA - LICENCIATURA
ALUNO_1128;PEDAGOGIA - LICENCIATURA
ALUNO_1129;PEDAGOGIA - LICENCIATURA
ALUNO_1130;PEDAGOGIA - LICENCIATURA
ALUNO_1131;PEDAGOGIA - LICENCIATURA
ALUNO_1132;PEDAGOGIA - LICENCIATURA
ALUNO_1133;PEDAGOGIA - LICENCIATURA
ALUNO_1134;PEDAGOGIA - LICENCIATURA
ALUNO_1135;PEDAGOGIA - LICENCIATURA
ALUNO_1136;PEDAGOGIA - LICENCIATURA
ALUNO_1137;PEDAGOGIA - LICENCIATURA
ALUNO_1138;PEDAGOGIA - LICENCIATURA
ALUNO_1139;PEDAGOGIA - LICENCIATURA
ALUNO_1140;PEDAGOGIA - LICENCIATURA
ALUNO_1141;PEDAGOGIA - LICENCIATURA
ALUNO_1142;PEDAGOGIA - LICENCIATURA
ALUNO_1143;PEDAGOGIA - LICENCIATURA
ALUNO_1144;PEDAGOGIA - LICENCIATURA
ALUNO_1145;PEDAGOGIA - LICENCIATURA
ALUNO_1146;PEDAGOGIA - LICENCIATURA
ALUNO_1147;PEDAGOGIA - LICENCIATURA
ALUNO_1148;PEDAGOGIA - LICENCIATURA
ALUNO_1149;PEDAGOGIA - LICENCIATURA
ALUNO_1150;PEDAGOGIA - LICENCIATURA
ALUNO_1151;PEDAGOGIA - LICENCIATURA
ALUNO_1152;PEDAGOGIA - LICENCIATURA
ALUNO_1153;PEDAGOGIA - LICENCIATURA
ALUNO_1154;PEDAGOGIA - LICENCIATURA
ALUNO_1155;PEDAGOGIA - LICENCIATURA
ALUNO_1156;PEDAGOGIA - LICENCIATURA
ALUNO_1157;PEDAGOGIA - LICENCIATURA
ALUNO_1158;PEDAGOGIA - LICENCIATURA
ALUNO_1159;PEDAGOGIA - LICENCIATURA
ALUNO_1160;PEDAGOGIA - LICENCIATURA
ALUNO_1161;PEDAGOGIA - LICENCIATURA
ALUNO_1162;PEDAGOGIA - LICENCIATURA
ALUNO_1163;PEDAGOGIA - LICENCIATURA
ALUNO_1164;PEDAGOGIA - LICENCIATURA
ALUNO_1165;PEDAGOGIA - LICENCIATURA
ALUNO_1166;PEDAGOGIA - LICENCIATURA
ALUNO_1167;PEDAGOGIA - LICENCIATURA
ALUNO_1168;PEDAGOGIA - LICENCIATURA
ALUNO_1169;PEDAGOGIA - LICENCIATURA
ALUNO_1170;PEDAGOGIA - LICENCIATURA
ALUNO_1171;PEDAGOGIA - LICENCIATURA
ALUNO_1172;PEDAGOGIA - LICENCIATURA
ALUNO_1173;PEDAGOGIA - LICENCIATURA
ALUNO_1174;PEDAGOGIA - LICENCIATURA
ALUNO_1175;PEDAGOGIA - LICENCIATURA
ALUNO_1176;PEDAGOGIA - LICENCIATURA
ALUNO_1177;PEDAGOGIA - LICENCIATURA
ALUNO_1178;PEDAGOGIA - LICENCIATURA
ALUNO_1179;PEDAGOGIA - LICENCIATURA
ALUNO_1180;PEDAGOGIA - LICENCIATURA
ALUNO_1181;PEDAGOGIA - LICENCIATURA
ALUNO_1182;PEDAGOGIA - LICENCIATURA
ALUNO_1183;PEDAGOGIA - LICENCIATURA
ALUNO_1184;PEDAGOGIA - LICENCIATURA
ALUNO_1185;PEDAGOGIA - LICENCIATURA
ALUNO_1186;PEDAGOGIA - LICENCIATURA
ALUNO_1187;PEDAGOGIA - LICENCIATURA
ALUNO_1188;PEDAGOGIA - LICENCIATURA
ALUNO_1189;PEDAGOGIA - LICENCIATURA
ALUNO_1190;PEDAGOGIA - LICENCIATURA
ALUNO_1191;PEDAGOGIA - LICENCIATURA
ALUNO_1192;PEDAGOGIA - LICENCIATURA
ALUNO_1193;PEDAGOGIA - LICENCIATURA
ALUNO_1194;PEDAGOGIA - LICENCIATURA
ALUNO_1195;PEDAGOGIA - LICENCIATURA
ALUNO_1196;PEDAGOGIA - LICENCIATURA
ALUNO_1197;PEDAGOGIA - LICENCIATURA
ALUNO_1198;PEDAGOGIA - LICENCIATURA
ALUNO_1199;PEDAGOGIA - LICENCIATURA
ALUNO_1200;PEDAGOGIA - LICENCIATURA
ALUNO_1201;PEDAGOGIA - LICENCIATURA
ALUNO_1202;PEDAGOGIA - LICENCIATURA
ALUNO_1203;PEDAGOGIA - LICENCIATURA
ALUNO_1204;PEDAGOGIA - LICENCIATURA
ALUNO_1205;PEDAGOGIA - LICENCIATURA
ALUNO_1206;PEDAGOGIA - LICENCIATURA
ALUNO_1207;PEDAGOGIA - LICENCIATURA
ALUNO_1208;PEDAGOGIA - LICENCIATURA
ALUNO_1209;PEDAGOGIA - LICENCIATURA
ALUNO_1210;PEDAGOGIA - LICENCIATURA
ALUNO_1211;PEDAGOGIA - LICENCIATURA
ALUNO_1212;PEDAGOGIA - LICENCIATURA
ALUNO_1213;PEDAGOGIA - LICENCIATURA
ALUNO_1214;PEDAGOGIA - LICENCIATURA
ALUNO_1215;PEDAGOGIA - LICENCIATURA
ALUNO_1216;PEDAGOGIA - LICENCIATURA
ALUNO_1217;PEDAGOGIA - LICENCIATURA
ALUNO_1218;PEDAGOGIA - LICENCIATURA
ALUNO_1219;PEDAGOGIA - LICENCIATURA
ALUNO_1220;PEDAGOGIA - LICENCIATURA
ALUNO_1221;PEDAGOGIA - LICENCIATURA
ALUNO_1222;PEDAGOGIA - LICENCIATURA
ALUNO_1223;PEDAGOGIA - LICENCIATURA
ALUNO_1224;PEDAGOGIA - LICENCIATURA
ALUNO_1225;PEDAGOGIA - LICENCIATURA
ALUNO_1226;PEDAGOGIA - LICENCIATURA
ALUNO_1227;PEDAGOGIA - LICENCIATURA
ALUNO_1228;PEDAGOGIA - LICENCIATURA
ALUNO_1229;PEDAGOGIA - LICENCIATURA
ALUNO_1230;PEDAGOGIA - LICENCIATURA
ALUNO_1231;PEDAGOGIA - LICENCIATURA
ALUNO_1232;PEDAGOGIA - LICENCIATURA
ALUNO_1233;PEDAGOGIA - LICENCIATURA
ALUNO_1234;PEDAGOGIA - LICENCIATURA
ALUNO_1235;PEDAGOGIA - LICENCIATURA
ALUNO_1236;PEDAGOGIA - LICENCIATURA
ALUNO_1237;PEDAGOGIA - LICENCIATURA
ALUNO_1238;PEDAGOGIA - LICENCIATURA
ALUNO_1239;PEDAGOGIA - LICENCIATURA
ALUNO_1240;PEDAGOGIA - LICENCIATURA
ALUNO_1241;PEDAGOGIA - LICENCIATURA
ALUNO_1242;PEDAGOGIA - LICENCIATURA
ALUNO_1243;PEDAGOGIA - LICENCIATURA
ALUNO_1244;PEDAGOGIA - LICENCIATURA
ALUNO_1245;PEDAGOGIA - LICENCIATURA
ALUNO_1246;PEDAGOGIA - LICENCIATURA
ALUNO_1247;PEDAGOGIA - LICENCIATURA
ALUNO_1248;PEDAGOGIA - LICENCIATURA
ALUNO_1249;PEDAGOGIA - LICENCIATURA
ALUNO_1250;PEDAGOGIA - LICENCIATURA
ALUNO_1251;PEDAGOGIA - LICENCIATURA
ALUNO_1252;PEDAGOGIA - LICENCIATURA
ALUNO_1253;PEDAGOGIA - LICENCIATURA
ALUNO_1254;PEDAGOGIA - LICENCIATURA
ALUNO_1255;PEDAGOGIA - LICENCIATURA
ALUNO_1256;PEDAGOGIA - LICENCIATURA
ALUNO_1257;PEDAGOGIA - LICENCIATURA
ALUNO_1258;PEDAGOGIA - LICENCIATURA
ALUNO_1259;PEDAGOGIA - LICENCIATURA
ALUNO_1260;PEDAGOGIA - LICENCIATURA
ALUNO_1261;PEDAGOGIA - LICENCIATURA
ALUNO_1262;PEDAGOGIA - LICENCIATURA
ALUNO_1263;PEDAGOGIA - LICENCIATURA
ALUNO_1264;PEDAGOGIA - LICENCIATURA
ALUNO_1265;PEDAGOGIA - LICENCIATURA
ALUNO_1266;PEDAGOGIA - LICENCIATURA
ALUNO_1267;PEDAGOGIA - LICENCIATURA
ALUNO_1268;ADMINISTRAÇÃO - BACHARELADO
ALUNO_1269;ADMINISTRAÇÃO - BACHARELADO
ALUNO_1270;ADMINISTRAÇÃO - BACHARELADO
ALUNO_1271;ADMINISTRAÇÃO - BACHARELADO
ALUNO_1272;ADMINISTRAÇÃO - BACHARELADO
ALUNO_1273;ADMINISTRAÇÃO - BACHARELADO
ALUNO_1274;ADMINISTRAÇÃO - BACHARELADO
ALUNO_1275;ADMINISTRAÇÃO - BACHARELADO
ALUNO_1276;ADMINISTRAÇÃO - BACHARELADO
ALUNO_1277;ADMINISTRAÇÃO - BACHARELADO
ALUNO_1278;ADMINISTRAÇÃO - BACHARELADO
ALUNO_1279;ADMINISTRAÇÃO - BACHARELADO
ALUNO_1280;ADMINISTRAÇÃO - BACHARELADO
ALUNO_1281;ADMINISTRAÇÃO - BACHARELADO
ALUNO_1282;ADMINISTRAÇÃO - BACHARELADO
ALUNO_1283;ADMINISTRAÇÃO - BACHARELADO
ALUNO_1284;ADMINISTRAÇÃO - BACHARELADO
ALUNO_1285;ADMINISTRAÇÃO - BACHARELADO
ALUNO_1286;ADMINISTRAÇÃO - BACHARELADO
ALUNO_1287;ADMINISTRAÇÃO - BACHARELADO
ALUNO_1288;ADMINISTRAÇÃO - BACHARELADO
ALUNO_1289;ADMINISTRAÇÃO - BACHARELADO
ALUNO_1290;ADMINISTRAÇÃO - BACHARELADO
ALUNO_1291;ADMINISTRAÇÃO - BACHARELADO
ALUNO_1292;ADMINISTRAÇÃO - BACHARELADO
ALUNO_1293;ADMINISTRAÇÃO - BACHARELADO
ALUNO_1294;ADMINISTRAÇÃO - BACHARELADO
ALUNO_1295;ADMINISTRAÇÃO - BACHARELADO
ALUNO_1296;ADMINISTRAÇÃO - BACHARELADO
ALUNO_1297;ADMINISTRAÇÃO - BACHARELADO
ALUNO_1298;ADMINISTRAÇÃO - BACHARELADO
ALUNO_1299;ADMINISTRAÇÃO - BACHARELADO
ALUNO_1300;ADMINISTRAÇÃO - BACHARELADO
ALUNO_1301;ADMINISTRAÇÃO - BACHARELADO
ALUNO_1302;ADMINISTRAÇÃO - BACHARELADO
ALUNO_1303;ADMINISTRAÇÃO - BACHARELADO
ALUNO_1304;ADMINISTRAÇÃO - BACHARELADO
ALUNO_1305;ADMINISTRAÇÃO - BACHARELADO
ALUNO_1306;ADMINISTRAÇÃO - BACHARELADO
ALUNO_1307;ADMINISTRAÇÃO - BACHARELADO
ALUNO_1308;ADMINISTRAÇÃO - BACHARELADO
ALUNO_1309;ADMINISTRAÇÃO - BACHARELADO
ALUNO_1310;ADMINISTRAÇÃO - BACHARELADO
ALUNO_1311;ADMINISTRAÇÃO - BACHARELADO
ALUNO_1312;ADMINISTRAÇÃO - BACHARELADO
ALUNO_1313;ADMINISTRAÇÃO - BACHARELADO
ALUNO_1314;ADMINISTRAÇÃO - BACHARELADO
ALUNO_1315;ADMINISTRAÇÃO - BACHARELADO
ALUNO_1316;ADMINISTRAÇÃO - BACHARELADO
ALUNO_1317;ADMINISTRAÇÃO - BACHARELADO
ALUNO_1318;ADMINISTRAÇÃO - BACHARELADO
ALUNO_1319;ADMINISTRAÇÃO - BACHARELADO
ALUNO_1320;ADMINISTRAÇÃO - BACHARELADO
ALUNO_1321;ADMINISTRAÇÃO - BACHARELADO
ALUNO_1322;ADMINISTRAÇÃO - BACHARELADO
ALUNO_1323;ADMINISTRAÇÃO - BACHARELADO
ALUNO_1324;ADMINISTRAÇÃO - BACHARELADO
ALUNO_1325;ADMINISTRAÇÃO - BACHARELADO
ALUNO_1326;ADMINISTRAÇÃO - BACHARELADO
ALUNO_1327;ADMINISTRAÇÃO - BACHARELADO
ALUNO_1328;ADMINISTRAÇÃO - BACHARELADO
ALUNO_1329;ADMINISTRAÇÃO - BACHARELADO
ALUNO_1330;ADMINISTRAÇÃO - BACHARELADO
ALUNO_1331;ADMINISTRAÇÃO - BACHARELADO
ALUNO_1332;ADMINISTRAÇÃO - BACHARELADO
ALUNO_1333;ADMINISTRAÇÃO - BACHARELADO
ALUNO_1334;ADMINISTRAÇÃO - BACHARELADO
ALUNO_1335;ADMINISTRAÇÃO - BACHARELADO
ALUNO_1336;ADMINISTRAÇÃO - BACHARELADO
ALUNO_1337;ADMINISTRAÇÃO - BACHARELADO
ALUNO_1338;ADMINISTRAÇÃO - BACHARELADO
ALUNO_1339;ADMINISTRAÇÃO - BACHARELADO
ALUNO_1340;ADMINISTRAÇÃO - BACHARELADO
ALUNO_1341;ADMINISTRAÇÃO - BACHARELADO
ALUNO_1342;ADMINISTRAÇÃO - BACHARELADO
ALUNO_1343;ADMINISTRAÇÃO - BACHARELADO
ALUNO_1344;ADMINISTRAÇÃO - BACHARELADO
ALUNO_1345;ADMINISTRAÇÃO - BACHARELADO
ALUNO_1346;ADMINISTRAÇÃO - BACHARELADO
ALUNO_1347;ADMINISTRAÇÃO - BACHARELADO
ALUNO_1348;ADMINISTRAÇÃO - BACHARELADO
ALUNO_1349;ADMINISTRAÇÃO - BACHARELADO
ALUNO_1350;ADMINISTRAÇÃO - BACHARELADO
ALUNO_1351;ADMINISTRAÇÃO - BACHARELADO
ALUNO_1352;ADMINISTRAÇÃO - BACHARELADO
ALUNO_1353;ADMINISTRAÇÃO - BACHARELADO
ALUNO_1354;ADMINISTRAÇÃO - BACHARELADO
ALUNO_1355;ADMINISTRAÇÃO - BACHARELADO
ALUNO_1356;ADMINISTRAÇÃO - BACHARELADO
ALUNO_1357;ADMINISTRAÇÃO - BACHARELADO
ALUNO_1358;ADMINISTRAÇÃO - BACHARELADO
ALUNO_1359;ADMINISTRAÇÃO - BACHARELADO
ALUNO_1360;ADMINISTRAÇÃO - BACHARELADO
ALUNO_1361;ADMINISTRAÇÃO - BACHARELADO
ALUNO_1362;ADMINISTRAÇÃO - BACHARELADO
ALUNO_1363;ADMINISTRAÇÃO - BACHARELADO
ALUNO_1364;ADMINISTRAÇÃO - BACHARELADO
ALUNO_1365;ADMINISTRAÇÃO - BACHARELADO
ALUNO_1366;ADMINISTRAÇÃO - BACHARELADO
ALUNO_1367;ADMINISTRAÇÃO - BACHARELADO
ALUNO_1368;ADMINISTRAÇÃO - BACHARELADO
ALUNO_1369;ADMINISTRAÇÃO - BACHARELADO
ALUNO_1370;ADMINISTRAÇÃO - BACHARELADO
ALUNO_1371;ADMINISTRAÇÃO - BACHARELADO
ALUNO_1372;ADMINISTRAÇÃO - BACHARELADO
ALUNO_1373;ADMINISTRAÇÃO - BACHARELADO
ALUNO_1374;ADMINISTRAÇÃO - BACHARELADO
ALUNO_1375;ADMINISTRAÇÃO - BACHARELADO
ALUNO_1376;ADMINISTRAÇÃO - BACHARELADO
ALUNO_1377;ADMINISTRAÇÃO - BACHARELADO
ALUNO_1378;ADMINISTRAÇÃO - BACHARELADO
ALUNO_1379;ADMINISTRAÇÃO - BACHARELADO
ALUNO_1380;ADMINISTRAÇÃO - BACHARELADO
ALUNO_1381;ADMINISTRAÇÃO - BACHARELADO
ALUNO_1382;ADMINISTRAÇÃO - BACHARELADO
ALUNO_1383;ADMINISTRAÇÃO - BACHARELADO
ALUNO_1384;ADMINISTRAÇÃO - BACHARELADO
ALUNO_1385;ADMINISTRAÇÃO - BACHARELADO
ALUNO_1386;ADMINISTRAÇÃO - BACHARELADO
ALUNO_1387;ADMINISTRAÇÃO - BACHARELADO
ALUNO_1388;ADMINISTRAÇÃO - BACHARELADO
ALUNO_1389;ADMINISTRAÇÃO - BACHARELADO
ALUNO_1390;ADMINISTRAÇÃO - BACHARELADO
ALUNO_1391;ADMINISTRAÇÃO - BACHARELADO
ALUNO_1392;ADMINISTRAÇÃO - BACHARELADO
ALUNO_1393;ADMINISTRAÇÃO - BACHARELADO
ALUNO_1394;ADMINISTRAÇÃO - BACHARELADO
ALUNO_1395;ADMINISTRAÇÃO - BACHARELADO
ALUNO_1396;ADMINISTRAÇÃO - BACHARELADO
ALUNO_1397;ADMINISTRAÇÃO - BACHARELADO
ALUNO_1398;ADMINISTRAÇÃO - BACHARELADO
ALUNO_1399;ADMINISTRAÇÃO - BACHARELADO
ALUNO_1400;ADMINISTRAÇÃO - BACHARELADO
ALUNO_1401;ADMINISTRAÇÃO - BACHARELADO
ALUNO_1402;ADMINISTRAÇÃO - BACHARELADO
ALUNO_1403;ADMINISTRAÇÃO - BACHARELADO
ALUNO_1404;ADMINISTRAÇÃO - BACHARELADO
ALUNO_1405;ADMINISTRAÇÃO - BACHARELADO
ALUNO_1406;ADMINISTRAÇÃO - BACHARELADO
ALUNO_1407;ADMINISTRAÇÃO - BACHARELADO
ALUNO_1408;ADMINISTRAÇÃO - BACHARELADO
ALUNO_1409;ADMINISTRAÇÃO - BACHARELADO
ALUNO_1410;ADMINISTRAÇÃO - BACHARELADO
ALUNO_1411;ADMINISTRAÇÃO - BACHARELADO
ALUNO_1412;ADMINISTRAÇÃO - BACHARELADO
ALUNO_1413;ADMINISTRAÇÃO - BACHARELADO
ALUNO_1414;ADMINISTRAÇÃO - BACHARELADO
ALUNO_1415;ADMINISTRAÇÃO - BACHARELADO
ALUNO_1416;ADMINISTRAÇÃO - BACHARELADO
ALUNO_1417;ADMINISTRAÇÃO - BACHARELADO
ALUNO_1418;ADMINISTRAÇÃO - BACHARELADO
ALUNO_1419;ADMINISTRAÇÃO - BACHARELADO
ALUNO_1420;ADMINISTRAÇÃO - BACHARELADO
ALUNO_1421;ADMINISTRAÇÃO - BACHARELADO
ALUNO_1422;ADMINISTRAÇÃO - BACHARELADO
ALUNO_1423;ADMINISTRAÇÃO - BACHARELADO
ALUNO_1424;ADMINISTRAÇÃO - BACHARELADO
ALUNO_1425;HISTÓRIA - LICENCIATURA
ALUNO_1426;ADMINISTRAÇÃO - BACHARELADO
ALUNO_1427;ADMINISTRAÇÃO - BACHARELADO
ALUNO_1428;ADMINISTRAÇÃO - BACHARELADO
ALUNO_1429;ADMINISTRAÇÃO - BACHARELADO
ALUNO_1430;ADMINISTRAÇÃO - BACHARELADO
ALUNO_1431;ADMINISTRAÇÃO - BACHARELADO
ALUNO_1432;ADMINISTRAÇÃO - BACHARELADO
ALUNO_1433;ADMINISTRAÇÃO - BACHARELADO
ALUNO_1434;ADMINISTRAÇÃO - BACHARELADO
ALUNO_1435;ADMINISTRAÇÃO - BACHARELADO
ALUNO_1436;ADMINISTRAÇÃO - BACHARELADO
ALUNO_1437;ADMINISTRAÇÃO - BACHARELADO
ALUNO_1438;ADMINISTRAÇÃO - BACHARELADO
ALUNO_1439;ADMINISTRAÇÃO - BACHARELADO
ALUNO_1440;ADMINISTRAÇÃO - BACHARELADO
ALUNO_1441;ADMINISTRAÇÃO - BACHARELADO
ALUNO_1442;ADMINISTRAÇÃO - BACHARELADO
ALUNO_1443;ADMINISTRAÇÃO - BACHARELADO
ALUNO_1444;ADMINISTRAÇÃO - BACHARELADO
ALUNO_1445;ADMINISTRAÇÃO - BACHARELADO
ALUNO_1446;ADMINISTRAÇÃO - BACHARELADO
ALUNO_1447;ADMINISTRAÇÃO - BACHARELADO
ALUNO_1448;ADMINISTRAÇÃO - BACHARELADO
ALUNO_1449;ADMINISTRAÇÃO - BACHARELADO
ALUNO_1450;ADMINISTRAÇÃO - BACHARELADO
ALUNO_1451;ADMINISTRAÇÃO - BACHARELADO
ALUNO_1452;ADMINISTRAÇÃO - BACHARELADO
ALUNO_1453;ADMINISTRAÇÃO - BACHARELADO
ALUNO_1454;ADMINISTRAÇÃO - BACHARELADO
ALUNO_1455;ADMINISTRAÇÃO - BACHARELADO
ALUNO_1456;ADMINISTRAÇÃO - BACHARELADO
ALUNO_1457;ADMINISTRAÇÃO - BACHARELADO
ALUNO_1458;ADMINISTRAÇÃO - BACHARELADO
ALUNO_1459;ADMINISTRAÇÃO - BACHARELADO
ALUNO_1460;ADMINISTRAÇÃO - BACHARELADO
ALUNO_1461;ADMINISTRAÇÃO - BACHARELADO
ALUNO_1462;ADMINISTRAÇÃO - BACHARELADO
ALUNO_1463;ADMINISTRAÇÃO - BACHARELADO
ALUNO_1464;ADMINISTRAÇÃO - BACHARELADO
ALUNO_1465;ADMINISTRAÇÃO - BACHARELADO
ALUNO_1466;ADMINISTRAÇÃO - BACHARELADO
ALUNO_1467;ADMINISTRAÇÃO - BACHARELADO
ALUNO_1468;HISTÓRIA - LICENCIATURA
ALUNO_1469;HISTÓRIA - LICENCIATURA
ALUNO_1470;HISTÓRIA - LICENCIATURA
ALUNO_1471;HISTÓRIA - LICENCIATURA
ALUNO_1472;HISTÓRIA - LICENCIATURA
ALUNO_1473;HISTÓRIA - LICENCIATURA
ALUNO_1474;HISTÓRIA - LICENCIATURA
ALUNO_1475;HISTÓRIA - LICENCIATURA
ALUNO_1476;HISTÓRIA - LICENCIATURA
ALUNO_1477;HISTÓRIA - LICENCIATURA
ALUNO_1478;HISTÓRIA - LICENCIATURA
ALUNO_1479;HISTÓRIA - LICENCIATURA
ALUNO_1480;HISTÓRIA - LICENCIATURA
ALUNO_1481;HISTÓRIA - LICENCIATURA
ALUNO_1482;HISTÓRIA - LICENCIATURA
ALUNO_1483;HISTÓRIA - LICENCIATURA
ALUNO_1484;HISTÓRIA - LICENCIATURA
ALUNO_1485;HISTÓRIA - LICENCIATURA
ALUNO_1486;HISTÓRIA - LICENCIATURA
ALUNO_1487;HISTÓRIA - LICENCIATURA
ALUNO_1488;HISTÓRIA - LICENCIATURA
ALUNO_1489;HISTÓRIA - LICENCIATURA
ALUNO_1490;HISTÓRIA - LICENCIATURA
ALUNO_1491;HISTÓRIA - LICENCIATURA
ALUNO_1492;HISTÓRIA - LICENCIATURA
ALUNO_1493;HISTÓRIA - LICENCIATURA
ALUNO_1494;HISTÓRIA - LICENCIATURA
ALUNO_1495;HISTÓRIA - LICENCIATURA
ALUNO_1496;HISTÓRIA - LICENCIATURA
ALUNO_1497;HISTÓRIA - LICENCIATURA
ALUNO_1498;HISTÓRIA - LICENCIATURA
ALUNO_1499;HISTÓRIA - LICENCIATURA
ALUNO_1500;HISTÓRIA - LICENCIATURA
ALUNO_1501;HISTÓRIA - LICENCIATURA
ALUNO_1502;HISTÓRIA - LICENCIATURA
ALUNO_1503;HISTÓRIA - LICENCIATURA
ALUNO_1504;HISTÓRIA - LICENCIATURA
ALUNO_1505;HISTÓRIA - LICENCIATURA
ALUNO_1506;HISTÓRIA - LICENCIATURA
ALUNO_1507;HISTÓRIA - LICENCIATURA
ALUNO_1508;HISTÓRIA - LICENCIATURA
ALUNO_1509;HISTÓRIA - LICENCIATURA
ALUNO_1510;HISTÓRIA - LICENCIATURA
ALUNO_1511;HISTÓRIA - LICENCIATURA
ALUNO_1512;LETRAS - PORTUGUÊS/LITERATURAS - LICENCIATURA
ALUNO_1513;LETRAS - PORTUGUÊS/LITERATURAS - LICENCIATURA
ALUNO_1514;LETRAS - PORTUGUÊS/LITERATURAS - LICENCIATURA
ALUNO_1515;LETRAS - PORTUGUÊS/LITERATURAS - LICENCIATURA
ALUNO_1516;LETRAS - PORTUGUÊS/LITERATURAS - LICENCIATURA
ALUNO_1517;LETRAS - PORTUGUÊS/LITERATURAS - LICENCIATURA
ALUNO_1518;LETRAS - PORTUGUÊS/LITERATURAS - LICENCIATURA
ALUNO_1519;LETRAS - PORTUGUÊS/LITERATURAS - LICENCIATURA
ALUNO_1520;LETRAS - PORTUGUÊS/LITERATURAS - LICENCIATURA
ALUNO_1521;LETRAS - PORTUGUÊS/LITERATURAS - LICENCIATURA
ALUNO_1522;LETRAS - PORTUGUÊS/LITERATURAS - LICENCIATURA
ALUNO_1523;LETRAS - PORTUGUÊS/LITERATURAS - LICENCIATURA
ALUNO_1524;LETRAS - PORTUGUÊS/LITERATURAS - LICENCIATURA
ALUNO_1525;LETRAS - PORTUGUÊS/LITERATURAS - LICENCIATURA
ALUNO_1526;LETRAS - PORTUGUÊS/LITERATURAS - LICENCIATURA
ALUNO_1527;LETRAS - PORTUGUÊS/LITERATURAS - LICENCIATURA
ALUNO_1528;LETRAS - PORTUGUÊS/LITERATURAS - LICENCIATURA
ALUNO_1529;LETRAS - PORTUGUÊS/LITERATURAS - LICENCIATURA
ALUNO_1530;LETRAS - PORTUGUÊS/LITERATURAS - LICENCIATURA
ALUNO_1531;LETRAS - PORTUGUÊS/LITERATURAS - LICENCIATURA
ALUNO_1532;LETRAS - PORTUGUÊS/ESPANHOL/LITERATURAS - LICENCIATURA
ALUNO_1533;LETRAS - PORTUGUÊS/ESPANHOL/LITERATURAS - LICENCIATURA
ALUNO_1534;LETRAS - PORTUGUÊS/ESPANHOL/LITERATURAS - LICENCIATURA
ALUNO_1535;LETRAS - PORTUGUÊS/ESPANHOL/LITERATURAS - LICENCIATURA
ALUNO_1536;LETRAS - PORTUGUÊS/ESPANHOL/LITERATURAS - LICENCIATURA
ALUNO_1537;LETRAS - PORTUGUÊS/ESPANHOL/LITERATURAS - LICENCIATURA
ALUNO_1538;LETRAS - PORTUGUÊS/ESPANHOL/LITERATURAS - LICENCIATURA
ALUNO_1539;LETRAS - PORTUGUÊS/ESPANHOL/LITERATURAS - LICENCIATURA
ALUNO_1540;LETRAS - PORTUGUÊS/ESPANHOL/LITERATURAS - LICENCIATURA
ALUNO_1541;LETRAS - PORTUGUÊS/ESPANHOL/LITERATURAS - LICENCIATURA
ALUNO_1542;LETRAS - PORTUGUÊS/ESPANHOL/LITERATURAS - LICENCIATURA
ALUNO_1543;LETRAS - PORTUGUÊS/ESPANHOL/LITERATURAS - LICENCIATURA
ALUNO_1544;LETRAS - PORTUGUÊS/ESPANHOL/LITERATURAS - LICENCIATURA
ALUNO_1545;LETRAS - PORTUGUÊS/ESPANHOL/LITERATURAS - LICENCIATURA
ALUNO_1546;LETRAS - PORTUGUÊS/ESPANHOL/LITERATURAS - LICENCIATURA
ALUNO_1547;LETRAS - PORTUGUÊS/ESPANHOL/LITERATURAS - LICENCIATURA
ALUNO_1548;LETRAS - PORTUGUÊS/ESPANHOL/LITERATURAS - LICENCIATURA
ALUNO_1549;LETRAS - PORTUGUÊS/ESPANHOL/LITERATURAS - LICENCIATURA
ALUNO_1550;LETRAS - PORTUGUÊS/ESPANHOL/LITERATURAS - LICENCIATURA
ALUNO_1551;LETRAS - PORTUGUÊS/ESPANHOL/LITERATURAS - LICENCIATURA
ALUNO_1552;LETRAS - PORTUGUÊS/ESPANHOL/LITERATURAS - LICENCIATURA
ALUNO_1553;LETRAS - PORTUGUÊS/ESPANHOL/LITERATURAS - LICENCIATURA
ALUNO_1554;LETRAS - PORTUGUÊS/ESPANHOL/LITERATURAS - LICENCIATURA
ALUNO_1555;GEOGRAFIA - LICENCIATURA
ALUNO_1556;HISTÓRIA - LICENCIATURA
ALUNO_1557;HISTÓRIA - LICENCIATURA
ALUNO_1558;HISTÓRIA - LICENCIATURA
ALUNO_1559;HISTÓRIA - LICENCIATURA
ALUNO_1560;HISTÓRIA - LICENCIATURA
ALUNO_1561;HISTÓRIA - LICENCIATURA
ALUNO_1562;HISTÓRIA - LICENCIATURA
ALUNO_1563;HISTÓRIA - LICENCIATURA
ALUNO_1564;HISTÓRIA - LICENCIATURA
ALUNO_1565;HISTÓRIA - LICENCIATURA
ALUNO_1566;HISTÓRIA - LICENCIATURA
ALUNO_1567;HISTÓRIA - LICENCIATURA
ALUNO_1568;HISTÓRIA - LICENCIATURA
ALUNO_1569;HISTÓRIA - LICENCIATURA
ALUNO_1570;HISTÓRIA - LICENCIATURA
ALUNO_1571;HISTÓRIA - LICENCIATURA
ALUNO_1572;HISTÓRIA - LICENCIATURA
ALUNO_1573;HISTÓRIA - LICENCIATURA
ALUNO_1574;HISTÓRIA - LICENCIATURA
ALUNO_1575;HISTÓRIA - LICENCIATURA
ALUNO_1576;HISTÓRIA - LICENCIATURA
ALUNO_1577;HISTÓRIA - LICENCIATURA
ALUNO_1578;HISTÓRIA - LICENCIATURA
ALUNO_1579;HISTÓRIA - LICENCIATURA
ALUNO_1580;HISTÓRIA - LICENCIATURA
ALUNO_1581;HISTÓRIA - LICENCIATURA
ALUNO_1582;HISTÓRIA - LICENCIATURA
ALUNO_1583;HISTÓRIA - LICENCIATURA
ALUNO_1584;HISTÓRIA - LICENCIATURA
ALUNO_1585;HISTÓRIA - LICENCIATURA
ALUNO_1586;HISTÓRIA - LICENCIATURA
ALUNO_1587;HISTÓRIA - LICENCIATURA
ALUNO_1588;HISTÓRIA - LICENCIATURA
ALUNO_1589;HISTÓRIA - LICENCIATURA
ALUNO_1590;HISTÓRIA - LICENCIATURA
ALUNO_1591;HISTÓRIA - LICENCIATURA
ALUNO_1592;MATEMÁTICA - LICENCIATURA
ALUNO_1593;MATEMÁTICA - LICENCIATURA
ALUNO_1594;MATEMÁTICA - LICENCIATURA
ALUNO_1595;MATEMÁTICA - LICENCIATURA
ALUNO_1596;MATEMÁTICA - LICENCIATURA
ALUNO_1597;MATEMÁTICA - LICENCIATURA
ALUNO_1598;MATEMÁTICA - LICENCIATURA
ALUNO_1599;MATEMÁTICA - LICENCIATURA
ALUNO_1600;MATEMÁTICA - LICENCIATURA
ALUNO_1601;MATEMÁTICA - LICENCIATURA
ALUNO_1602;MATEMÁTICA - LICENCIATURA
ALUNO_1603;MATEMÁTICA - LICENCIATURA
ALUNO_1604;HISTÓRIA - LICENCIATURA
ALUNO_1605;HISTÓRIA - LICENCIATURA
ALUNO_1606;HISTÓRIA - LICENCIATURA
ALUNO_1607;HISTÓRIA - LICENCIATURA
ALUNO_1608;HISTÓRIA - LICENCIATURA
ALUNO_1609;HISTÓRIA - LICENCIATURA
ALUNO_1610;HISTÓRIA - LICENCIATURA
ALUNO_1611;HISTÓRIA - LICENCIATURA
ALUNO_1612;HISTÓRIA - LICENCIATURA
ALUNO_1613;HISTÓRIA - LICENCIATURA
ALUNO_1614;HISTÓRIA - LICENCIATURA
ALUNO_1615;HISTÓRIA - LICENCIATURA
ALUNO_1616;HISTÓRIA - LICENCIATURA
ALUNO_1617;HISTÓRIA - LICENCIATURA
ALUNO_1618;HISTÓRIA - LICENCIATURA
ALUNO_1619;HISTÓRIA - LICENCIATURA
ALUNO_1620;HISTÓRIA - LICENCIATURA
ALUNO_1621;HISTÓRIA - LICENCIATURA
ALUNO_1622;HISTÓRIA - LICENCIATURA
ALUNO_1623;HISTÓRIA - LICENCIATURA
ALUNO_1624;HISTÓRIA - LICENCIATURA
ALUNO_1625;HISTÓRIA - LICENCIATURA
ALUNO_1626;HISTÓRIA - LICENCIATURA
ALUNO_1627;HISTÓRIA - LICENCIATURA
ALUNO_1628;HISTÓRIA - LICENCIATURA
ALUNO_1629;HISTÓRIA - LICENCIATURA
ALUNO_1630;HISTÓRIA - LICENCIATURA
ALUNO_1631;HISTÓRIA - LICENCIATURA
ALUNO_1632;HISTÓRIA - LICENCIATURA
ALUNO_1633;HISTÓRIA - LICENCIATURA
ALUNO_1634;HISTÓRIA - LICENCIATURA
ALUNO_1635;HISTÓRIA - LICENCIATURA
ALUNO_1636;HISTÓRIA - LICENCIATURA
ALUNO_1637;HISTÓRIA - LICENCIATURA
ALUNO_1638;HISTÓRIA - LICENCIATURA
ALUNO_1639;HISTÓRIA - LICENCIATURA
ALUNO_1640;HISTÓRIA - LICENCIATURA
ALUNO_1641;HISTÓRIA - LICENCIATURA
ALUNO_1642;HISTÓRIA - LICENCIATURA
ALUNO_1643;HISTÓRIA - LICENCIATURA
ALUNO_1644;HISTÓRIA - LICENCIATURA
ALUNO_1645;HISTÓRIA - LICENCIATURA
ALUNO_1646;HISTÓRIA - LICENCIATURA
ALUNO_1647;HISTÓRIA - LICENCIATURA
ALUNO_1648;HISTÓRIA - LICENCIATURA
ALUNO_1649;HISTÓRIA - LICENCIATURA
ALUNO_1650;HISTÓRIA - LICENCIATURA
ALUNO_1651;HISTÓRIA - LICENCIATURA
ALUNO_1652;HISTÓRIA - LICENCIATURA
ALUNO_1653;HISTÓRIA - LICENCIATURA
ALUNO_1654;HISTÓRIA - LICENCIATURA
ALUNO_1655;HISTÓRIA - LICENCIATURA
ALUNO_1656;HISTÓRIA - LICENCIATURA
ALUNO_1657;HISTÓRIA - LICENCIATURA
ALUNO_1658;HISTÓRIA - LICENCIATURA
ALUNO_1659;HISTÓRIA - LICENCIATURA
ALUNO_1660;HISTÓRIA - LICENCIATURA
ALUNO_1661;HISTÓRIA - LICENCIATURA
ALUNO_1662;HISTÓRIA - LICENCIATURA
ALUNO_1663;HISTÓRIA - LICENCIATURA
ALUNO_1664;HISTÓRIA - LICENCIATURA
ALUNO_1665;MATEMÁTICA - LICENCIATURA
ALUNO_1666;MATEMÁTICA - LICENCIATURA
ALUNO_1667;MATEMÁTICA - LICENCIATURA
ALUNO_1668;MATEMÁTICA - LICENCIATURA
ALUNO_1669;MATEMÁTICA - LICENCIATURA
ALUNO_1670;MATEMÁTICA - LICENCIATURA
ALUNO_1671;MATEMÁTICA - LICENCIATURA
ALUNO_1672;GEOGRAFIA - LICENCIATURA
ALUNO_1673;GEOGRAFIA - LICENCIATURA
ALUNO_1674;GEOGRAFIA - LICENCIATURA
ALUNO_1675;HISTÓRIA - LICENCIATURA
ALUNO_1676;HISTÓRIA - LICENCIATURA
ALUNO_1677;HISTÓRIA - LICENCIATURA
ALUNO_1678;HISTÓRIA - LICENCIATURA
ALUNO_1679;HISTÓRIA - LICENCIATURA
ALUNO_1680;HISTÓRIA - LICENCIATURA
ALUNO_1681;HISTÓRIA - LICENCIATURA
ALUNO_1682;HISTÓRIA - LICENCIATURA
ALUNO_1683;HISTÓRIA - LICENCIATURA
ALUNO_1684;HISTÓRIA - LICENCIATURA
ALUNO_1685;HISTÓRIA - LICENCIATURA
ALUNO_1686;HISTÓRIA - LICENCIATURA
ALUNO_1687;HISTÓRIA - LICENCIATURA
ALUNO_1688;HISTÓRIA - LICENCIATURA
ALUNO_1689;MATEMÁTICA - LICENCIATURA
ALUNO_1690;MATEMÁTICA - LICENCIATURA
ALUNO_1691;MATEMÁTICA - LICENCIATURA
ALUNO_1692;MATEMÁTICA - LICENCIATURA
ALUNO_1693;MATEMÁTICA - LICENCIATURA
ALUNO_1694;MATEMÁTICA - LICENCIATURA
ALUNO_1695;MATEMÁTICA - LICENCIATURA
ALUNO_1696;MATEMÁTICA - LICENCIATURA
ALUNO_1697;MATEMÁTICA - LICENCIATURA
ALUNO_1698;MATEMÁTICA - LICENCIATURA
ALUNO_1699;MATEMÁTICA - LICENCIATURA
ALUNO_1700;MATEMÁTICA - LICENCIATURA
ALUNO_1701;MATEMÁTICA - LICENCIATURA
ALUNO_1702;MATEMÁTICA - LICENCIATURA
ALUNO_1703;MATEMÁTICA - LICENCIATURA
ALUNO_1704;MATEMÁTICA - LICENCIATURA
ALUNO_1705;MATEMÁTICA - LICENCIATURA
ALUNO_1706;MATEMÁTICA - LICENCIATURA
ALUNO_1707;MATEMÁTICA - LICENCIATURA
ALUNO_1708;MATEMÁTICA - LICENCIATURA
ALUNO_1709;MATEMÁTICA - LICENCIATURA
ALUNO_1710;MATEMÁTICA - LICENCIATURA
ALUNO_1711;MATEMÁTICA - LICENCIATURA
ALUNO_1712;MATEMÁTICA - LICENCIATURA
ALUNO_1713;MATEMÁTICA - LICENCIATURA
ALUNO_1714;MATEMÁTICA - LICENCIATURA
ALUNO_1715;MATEMÁTICA - LICENCIATURA
ALUNO_1716;MATEMÁTICA - LICENCIATURA
ALUNO_1717;MATEMÁTICA - LICENCIATURA
ALUNO_1718;MATEMÁTICA - LICENCIATURA
ALUNO_1719;MATEMÁTICA - LICENCIATURA
ALUNO_1720;MATEMÁTICA - LICENCIATURA
ALUNO_1721;MATEMÁTICA - LICENCIATURA
ALUNO_1722;MATEMÁTICA - LICENCIATURA
ALUNO_1723;MATEMÁTICA - LICENCIATURA
ALUNO_1724;MATEMÁTICA - LICENCIATURA
ALUNO_1725;MATEMÁTICA - LICENCIATURA
ALUNO_1726;MATEMÁTICA - LICENCIATURA
ALUNO_1727;MATEMÁTICA - LICENCIATURA
ALUNO_1728;MATEMÁTICA - LICENCIATURA
ALUNO_1729;MATEMÁTICA - LICENCIATURA
ALUNO_1730;MATEMÁTICA - LICENCIATURA
ALUNO_1731;MATEMÁTICA - LICENCIATURA
ALUNO_1732;MATEMÁTICA - LICENCIATURA
ALUNO_1733;MATEMÁTICA - LICENCIATURA
ALUNO_1734;MATEMÁTICA - LICENCIATURA
ALUNO_1735;CIÊNCIA DA COMPUTAÇÃO - BACHARELADO
ALUNO_1736;CIÊNCIA DA COMPUTAÇÃO - BACHARELADO
ALUNO_1737;CIÊNCIA DA COMPUTAÇÃO - BACHARELADO
ALUNO_1738;MATEMÁTICA APLICADA E COMPUTACIONAL - BACHARELADO
ALUNO_1739;MATEMÁTICA APLICADA E COMPUTACIONAL - BACHARELADO
ALUNO_1740;MATEMÁTICA APLICADA E COMPUTACIONAL - BACHARELADO
ALUNO_1741;MATEMÁTICA APLICADA E COMPUTACIONAL - BACHARELADO
ALUNO_1742;MATEMÁTICA APLICADA E COMPUTACIONAL - BACHARELADO
ALUNO_1743;MATEMÁTICA - LICENCIATURA
ALUNO_1744;MATEMÁTICA - LICENCIATURA
ALUNO_1745;MATEMÁTICA - LICENCIATURA
ALUNO_1746;MATEMÁTICA - LICENCIATURA
ALUNO_1747;MATEMÁTICA - LICENCIATURA
ALUNO_1748;MATEMÁTICA - LICENCIATURA
ALUNO_1749;MATEMÁTICA - LICENCIATURA
ALUNO_1750;MATEMÁTICA - LICENCIATURA
ALUNO_1751;MATEMÁTICA - LICENCIATURA
ALUNO_1752;MATEMÁTICA - LICENCIATURA
ALUNO_1753;MATEMÁTICA - LICENCIATURA
ALUNO_1754;MATEMÁTICA - LICENCIATURA
ALUNO_1755;MATEMÁTICA - LICENCIATURA
ALUNO_1756;MATEMÁTICA - LICENCIATURA
ALUNO_1757;MATEMÁTICA - LICENCIATURA
ALUNO_1758;MATEMÁTICA - LICENCIATURA
ALUNO_1759;MATEMÁTICA - LICENCIATURA
ALUNO_1760;MATEMÁTICA - LICENCIATURA
ALUNO_1761;MATEMÁTICA - LICENCIATURA
ALUNO_1762;MATEMÁTICA - LICENCIATURA
ALUNO_1763;MATEMÁTICA - LICENCIATURA
ALUNO_1764;MATEMÁTICA - LICENCIATURA
ALUNO_1765;MATEMÁTICA - LICENCIATURA
ALUNO_1766;MATEMÁTICA - LICENCIATURA
ALUNO_1767;MATEMÁTICA - LICENCIATURA
ALUNO_1768;MATEMÁTICA - LICENCIATURA
ALUNO_1769;MATEMÁTICA APLICADA E COMPUTACIONAL - BACHARELADO
ALUNO_1770;MATEMÁTICA - LICENCIATURA
ALUNO_1771;MATEMÁTICA - LICENCIATURA
ALUNO_1772;MATEMÁTICA - LICENCIATURA
ALUNO_1773;PEDAGOGIA - LICENCIATURA
ALUNO_1774;LETRAS - PORTUGUÊS/LITERATURAS - LICENCIATURA
ALUNO_1775;LETRAS - PORTUGUÊS/LITERATURAS - LICENCIATURA
ALUNO_1776;LETRAS - PORTUGUÊS/LITERATURAS - LICENCIATURA
ALUNO_1777;LETRAS - PORTUGUÊS/LITERATURAS - LICENCIATURA
ALUNO_1778;LETRAS - PORTUGUÊS/ESPANHOL/LITERATURAS - LICENCIATURA
ALUNO_1779;LETRAS - PORTUGUÊS/ESPANHOL/LITERATURAS - LICENCIATURA
ALUNO_1780;LETRAS - PORTUGUÊS/ESPANHOL/LITERATURAS - LICENCIATURA
ALUNO_1781;LETRAS - PORTUGUÊS/ESPANHOL/LITERATURAS - LICENCIATURA
ALUNO_1782;PEDAGOGIA - LICENCIATURA
ALUNO_1783;MATEMÁTICA - LICENCIATURA
ALUNO_1784;MATEMÁTICA - LICENCIATURA
ALUNO_1785;MATEMÁTICA - LICENCIATURA
ALUNO_1786;MATEMÁTICA - LICENCIATURA
ALUNO_1787;MATEMÁTICA - LICENCIATURA
ALUNO_1788;MATEMÁTICA - LICENCIATURA
ALUNO_1789;MATEMÁTICA - LICENCIATURA
ALUNO_1790;MATEMÁTICA - LICENCIATURA
ALUNO_1791;MATEMÁTICA - LICENCIATURA
ALUNO_1792;MATEMÁTICA - LICENCIATURA
ALUNO_1793;MATEMÁTICA - LICENCIATURA
ALUNO_1794;MATEMÁTICA - LICENCIATURA
ALUNO_1795;MATEMÁTICA - LICENCIATURA
ALUNO_1796;MATEMÁTICA - LICENCIATURA
ALUNO_1797;MATEMÁTICA - LICENCIATURA
ALUNO_1798;MATEMÁTICA - LICENCIATURA
ALUNO_1799;MATEMÁTICA - LICENCIATURA
ALUNO_1800;MATEMÁTICA - LICENCIATURA
ALUNO_1801;MATEMÁTICA - LICENCIATURA
ALUNO_1802;MATEMÁTICA - LICENCIATURA
ALUNO_1803;MATEMÁTICA - LICENCIATURA
ALUNO_1804;MATEMÁTICA - LICENCIATURA
ALUNO_1805;MATEMÁTICA - LICENCIATURA
ALUNO_1806;MATEMÁTICA - LICENCIATURA
ALUNO_1807;MATEMÁTICA - LICENCIATURA
ALUNO_1808;MATEMÁTICA - LICENCIATURA
ALUNO_1809;MATEMÁTICA APLICADA E COMPUTACIONAL - BACHARELADO
ALUNO_1810;MATEMÁTICA APLICADA E COMPUTACIONAL - BACHARELADO
ALUNO_1811;MATEMÁTICA APLICADA E COMPUTACIONAL - BACHARELADO
ALUNO_1812;MATEMÁTICA - LICENCIATURA
ALUNO_1813;MATEMÁTICA - LICENCIATURA
ALUNO_1814;MATEMÁTICA - LICENCIATURA
ALUNO_1815;MATEMÁTICA - LICENCIATURA
ALUNO_1816;MATEMÁTICA - LICENCIATURA
ALUNO_1817;MATEMÁTICA - LICENCIATURA
ALUNO_1818;MATEMÁTICA - LICENCIATURA
ALUNO_1819;MATEMÁTICA - LICENCIATURA
ALUNO_1820;MATEMÁTICA - LICENCIATURA
ALUNO_1821;MATEMÁTICA - LICENCIATURA
ALUNO_1822;MATEMÁTICA - LICENCIATURA
ALUNO_1823;MATEMÁTICA - LICENCIATURA
ALUNO_1824;MATEMÁTICA - LICENCIATURA
ALUNO_1825;MATEMÁTICA - LICENCIATURA
ALUNO_1826;MATEMÁTICA - LICENCIATURA
ALUNO_1827;MATEMÁTICA APLICADA E COMPUTACIONAL - BACHARELADO
ALUNO_1828;MATEMÁTICA APLICADA E COMPUTACIONAL - BACHARELADO
ALUNO_1829;MATEMÁTICA APLICADA E COMPUTACIONAL - BACHARELADO
ALUNO_1830;CIÊNCIA DA COMPUTAÇÃO - BACHARELADO
ALUNO_1831;CIÊNCIA DA COMPUTAÇÃO - BACHARELADO
ALUNO_1832;DIREITO - BACHARELADO
ALUNO_1833;DIREITO - BACHARELADO
ALUNO_1834;DIREITO - BACHARELADO
ALUNO_1835;GEOGRAFIA - LICENCIATURA
ALUNO_1836;GEOGRAFIA - LICENCIATURA
ALUNO_1837;GEOGRAFIA - LICENCIATURA
ALUNO_1838;GEOGRAFIA - LICENCIATURA
ALUNO_1839;GEOGRAFIA - LICENCIATURA
ALUNO_1840;GEOGRAFIA - LICENCIATURA
ALUNO_1841;GEOGRAFIA - LICENCIATURA
ALUNO_1842;GEOGRAFIA - LICENCIATURA
ALUNO_1843;GEOGRAFIA - LICENCIATURA
ALUNO_1844;GEOGRAFIA - LICENCIATURA
ALUNO_1845;GEOGRAFIA - LICENCIATURA
ALUNO_1846;GEOGRAFIA - LICENCIATURA
ALUNO_1847;GEOGRAFIA - LICENCIATURA
ALUNO_1848;CIÊNCIA DA COMPUTAÇÃO - BACHARELADO
ALUNO_1849;CIÊNCIA DA COMPUTAÇÃO - BACHARELADO
ALUNO_1850;CIÊNCIA DA COMPUTAÇÃO - BACHARELADO
ALUNO_1851;CIÊNCIA DA COMPUTAÇÃO - BACHARELADO
ALUNO_1852;CIÊNCIA DA COMPUTAÇÃO - BACHARELADO
ALUNO_1853;CIÊNCIA DA COMPUTAÇÃO - BACHARELADO
ALUNO_1854;CIÊNCIA DA COMPUTAÇÃO - BACHARELADO
ALUNO_1855;CIÊNCIA DA COMPUTAÇÃO - BACHARELADO
ALUNO_1856;CIÊNCIA DA COMPUTAÇÃO - BACHARELADO
ALUNO_1857;CIÊNCIA DA COMPUTAÇÃO - BACHARELADO
ALUNO_1858;CIÊNCIA DA COMPUTAÇÃO - BACHARELADO
ALUNO_1859;CIÊNCIA DA COMPUTAÇÃO - BACHARELADO
ALUNO_1860;CIÊNCIA DA COMPUTAÇÃO - BACHARELADO
ALUNO_1861;CIÊNCIA DA COMPUTAÇÃO - BACHARELADO
ALUNO_1862;CIÊNCIA DA COMPUTAÇÃO - BACHARELADO
ALUNO_1863;CIÊNCIA DA COMPUTAÇÃO - BACHARELADO
ALUNO_1864;CIÊNCIA DA COMPUTAÇÃO - BACHARELADO
ALUNO_1865;CIÊNCIA DA COMPUTAÇÃO - BACHARELADO
ALUNO_1866;CIÊNCIA DA COMPUTAÇÃO - BACHARELADO
ALUNO_1867;CIÊNCIA DA COMPUTAÇÃO - BACHARELADO
ALUNO_1868;CIÊNCIA DA COMPUTAÇÃO - BACHARELADO
ALUNO_1869;CIÊNCIA DA COMPUTAÇÃO - BACHARELADO
ALUNO_1870;CIÊNCIA DA COMPUTAÇÃO - BACHARELADO
ALUNO_1871;CIÊNCIA DA COMPUTAÇÃO - BACHARELADO
ALUNO_1872;CIÊNCIA DA COMPUTAÇÃO - BACHARELADO
ALUNO_1873;CIÊNCIA DA COMPUTAÇÃO - BACHARELADO
ALUNO_1874;CIÊNCIA DA COMPUTAÇÃO - BACHARELADO
ALUNO_1875;CIÊNCIA DA COMPUTAÇÃO - BACHARELADO
ALUNO_1876;CIÊNCIA DA COMPUTAÇÃO - BACHARELADO
ALUNO_1877;CIÊNCIA DA COMPUTAÇÃO - BACHARELADO
ALUNO_1878;CIÊNCIA DA COMPUTAÇÃO - BACHARELADO
ALUNO_1879;CIÊNCIA DA COMPUTAÇÃO - BACHARELADO
ALUNO_1880;CIÊNCIA DA COMPUTAÇÃO - BACHARELADO
ALUNO_1881;CIÊNCIA DA COMPUTAÇÃO - BACHARELADO
ALUNO_1882;DIREITO - BACHARELADO
ALUNO_1883;DIREITO - BACHARELADO
ALUNO_1884;DIREITO - BACHARELADO
ALUNO_1885;DIREITO - BACHARELADO
ALUNO_1886;DIREITO - BACHARELADO
ALUNO_1887;GEOGRAFIA - LICENCIATURA
ALUNO_1888;GEOGRAFIA - LICENCIATURA
ALUNO_1889;GEOGRAFIA - LICENCIATURA
ALUNO_1890;GEOGRAFIA - LICENCIATURA
ALUNO_1891;GEOGRAFIA - LICENCIATURA
ALUNO_1892;GEOGRAFIA - LICENCIATURA
ALUNO_1893;GEOGRAFIA - LICENCIATURA
ALUNO_1894;GEOGRAFIA - LICENCIATURA
ALUNO_1895;GEOGRAFIA - LICENCIATURA
ALUNO_1896;GEOGRAFIA - LICENCIATURA
ALUNO_1897;GEOGRAFIA - LICENCIATURA
ALUNO_1898;GEOGRAFIA - LICENCIATURA
ALUNO_1899;GEOGRAFIA - LICENCIATURA
ALUNO_1900;GEOGRAFIA - LICENCIATURA
ALUNO_1901;GEOGRAFIA - LICENCIATURA
ALUNO_1902;GEOGRAFIA - LICENCIATURA
ALUNO_1903;GEOGRAFIA - LICENCIATURA
ALUNO_1904;GEOGRAFIA - LICENCIATURA
ALUNO_1905;GEOGRAFIA - LICENCIATURA
ALUNO_1906;GEOGRAFIA - LICENCIATURA
ALUNO_1907;GEOGRAFIA - LICENCIATURA
ALUNO_1908;GEOGRAFIA - LICENCIATURA
ALUNO_1909;GEOGRAFIA - LICENCIATURA
ALUNO_1910;GEOGRAFIA - LICENCIATURA
ALUNO_1911;GEOGRAFIA - LICENCIATURA
ALUNO_1912;GEOGRAFIA - LICENCIATURA
ALUNO_1913;GEOGRAFIA - LICENCIATURA
ALUNO_1914;GEOGRAFIA - LICENCIATURA
ALUNO_1915;GEOGRAFIA - LICENCIATURA
ALUNO_1916;GEOGRAFIA - LICENCIATURA
ALUNO_1917;GEOGRAFIA - LICENCIATURA
ALUNO_1918;GEOGRAFIA - LICENCIATURA
ALUNO_1919;GEOGRAFIA - LICENCIATURA
ALUNO_1920;CIÊNCIA DA COMPUTAÇÃO - BACHARELADO
ALUNO_1921;CIÊNCIA DA COMPUTAÇÃO - BACHARELADO
ALUNO_1922;GEOGRAFIA - LICENCIATURA
ALUNO_1923;CIÊNCIA DA COMPUTAÇÃO - BACHARELADO
ALUNO_1924;CIÊNCIA DA COMPUTAÇÃO - BACHARELADO
ALUNO_1925;ADMINISTRAÇÃO - BACHARELADO
ALUNO_1926;ADMINISTRAÇÃO - BACHARELADO
ALUNO_1927;ADMINISTRAÇÃO - BACHARELADO
ALUNO_1928;ADMINISTRAÇÃO - BACHARELADO
ALUNO_1929;TURISMO - BACHARELADO
ALUNO_1930;TURISMO - BACHARELADO
ALUNO_1931;TURISMO - BACHARELADO
ALUNO_1932;TURISMO - BACHARELADO
ALUNO_1933;TURISMO - BACHARELADO
ALUNO_1934;TURISMO - BACHARELADO
ALUNO_1935;CIÊNCIAS ECONÔMICAS - BACHARELADO
ALUNO_1936;CIÊNCIAS ECONÔMICAS - BACHARELADO
ALUNO_1937;CIÊNCIAS ECONÔMICAS - BACHARELADO
ALUNO_1938;CIÊNCIAS ECONÔMICAS - BACHARELADO
ALUNO_1939;CIÊNCIAS ECONÔMICAS - BACHARELADO
ALUNO_1940;CIÊNCIAS ECONÔMICAS - BACHARELADO
ALUNO_1941;CIÊNCIAS ECONÔMICAS - BACHARELADO
ALUNO_1942;CIÊNCIAS ECONÔMICAS - BACHARELADO
ALUNO_1943;CIÊNCIAS ECONÔMICAS - BACHARELADO
ALUNO_1944;CIÊNCIAS ECONÔMICAS - BACHARELADO
ALUNO_1945;CIÊNCIAS ECONÔMICAS - BACHARELADO
ALUNO_1946;CIÊNCIAS ECONÔMICAS - BACHARELADO
ALUNO_1947;CIÊNCIAS ECONÔMICAS - BACHARELADO
ALUNO_1948;CIÊNCIAS ECONÔMICAS - BACHARELADO
ALUNO_1949;CIÊNCIAS ECONÔMICAS - BACHARELADO
ALUNO_1950;CIÊNCIAS ECONÔMICAS - BACHARELADO
ALUNO_1951;CIÊNCIAS ECONÔMICAS - BACHARELADO
ALUNO_1952;CIÊNCIAS ECONÔMICAS - BACHARELADO
ALUNO_1953;CIÊNCIAS ECONÔMICAS - BACHARELADO
ALUNO_1954;TURISMO - BACHARELADO
ALUNO_1955;ADMINISTRAÇÃO - BACHARELADO
ALUNO_1956;TURISMO - BACHARELADO
ALUNO_1957;TURISMO - BACHARELADO
ALUNO_1958;TURISMO - BACHARELADO
ALUNO_1959;TURISMO - BACHARELADO
ALUNO_1960;TURISMO - BACHARELADO
ALUNO_1961;TURISMO - BACHARELADO
ALUNO_1962;TURISMO - BACHARELADO
ALUNO_1963;TURISMO - BACHARELADO
ALUNO_1964;TURISMO - BACHARELADO
ALUNO_1965;TURISMO - BACHARELADO
ALUNO_1966;TURISMO - BACHARELADO
ALUNO_1967;TURISMO - BACHARELADO
ALUNO_1968;TURISMO - BACHARELADO
ALUNO_1969;TURISMO - BACHARELADO
ALUNO_1970;TURISMO - BACHARELADO
ALUNO_1971;TURISMO - BACHARELADO
ALUNO_1972;TURISMO - BACHARELADO
ALUNO_1973;TURISMO - BACHARELADO
ALUNO_1974;TURISMO - BACHARELADO
ALUNO_1975;TURISMO - BACHARELADO
ALUNO_1976;TURISMO - BACHARELADO
ALUNO_1977;TURISMO - BACHARELADO
ALUNO_1978;TURISMO - BACHARELADO
ALUNO_1979;TURISMO - BACHARELADO
ALUNO_1980;TURISMO - BACHARELADO
ALUNO_1981;PEDAGOGIA - LICENCIATURA
ALUNO_1982;PEDAGOGIA - LICENCIATURA
ALUNO_1983;PEDAGOGIA - LICENCIATURA
ALUNO_1984;PEDAGOGIA - LICENCIATURA
ALUNO_1985;PEDAGOGIA - LICENCIATURA
ALUNO_1986;PEDAGOGIA - LICENCIATURA
ALUNO_1987;PEDAGOGIA - LICENCIATURA
ALUNO_1988;PEDAGOGIA - LICENCIATURA
ALUNO_1989;PEDAGOGIA - LICENCIATURA
ALUNO_1990;HISTÓRIA - LICENCIATURA
ALUNO_1991;HISTÓRIA - LICENCIATURA
ALUNO_1992;PEDAGOGIA - LICENCIATURA
ALUNO_1993;PEDAGOGIA - LICENCIATURA
ALUNO_1994;PEDAGOGIA - LICENCIATURA
ALUNO_1995;PEDAGOGIA - LICENCIATURA
ALUNO_1996;PEDAGOGIA - LICENCIATURA
ALUNO_1997;PEDAGOGIA - LICENCIATURA
ALUNO_1998;PEDAGOGIA - LICENCIATURA
ALUNO_1999;PEDAGOGIA - LICENCIATURA
ALUNO_2000;PEDAGOGIA - LICENCIATURA
ALUNO_2001;MATEMÁTICA - LICENCIATURA
ALUNO_2002;MATEMÁTICA - LICENCIATURA
ALUNO_2003;PEDAGOGIA - LICENCIATURA
ALUNO_2004;PEDAGOGIA - LICENCIATURA
ALUNO_2005;PEDAGOGIA - LICENCIATURA
ALUNO_2006;ADMINISTRAÇÃO - BACHARELADO
ALUNO_2007;ADMINISTRAÇÃO - BACHARELADO
ALUNO_2008;ADMINISTRAÇÃO - BACHARELADO
ALUNO_2009;ADMINISTRAÇÃO - BACHARELADO
ALUNO_2010;ADMINISTRAÇÃO - BACHARELADO
ALUNO_2011;ADMINISTRAÇÃO - BACHARELADO
ALUNO_2012;ADMINISTRAÇÃO - BACHARELADO
ALUNO_2013;ADMINISTRAÇÃO - BACHARELADO
ALUNO_2014;ADMINISTRAÇÃO - BACHARELADO
ALUNO_2015;ADMINISTRAÇÃO - BACHARELADO
ALUNO_2016;ADMINISTRAÇÃO - BACHARELADO
ALUNO_2017;ADMINISTRAÇÃO - BACHARELADO
ALUNO_2018;ADMINISTRAÇÃO - BACHARELADO
ALUNO_2019;ADMINISTRAÇÃO - BACHARELADO
ALUNO_2020;CIÊNCIAS ECONÔMICAS - BACHARELADO
ALUNO_2021;CIÊNCIAS ECONÔMICAS - BACHARELADO
ALUNO_2022;CIÊNCIAS ECONÔMICAS - BACHARELADO
ALUNO_2023;ADMINISTRAÇÃO - BACHARELADO
ALUNO_2024;ADMINISTRAÇÃO - BACHARELADO
ALUNO_2025;ADMINISTRAÇÃO - BACHARELADO
ALUNO_2026;ADMINISTRAÇÃO - BACHARELADO
ALUNO_2027;ADMINISTRAÇÃO - BACHARELADO
ALUNO_2028;ADMINISTRAÇÃO - BACHARELADO
ALUNO_2029;ADMINISTRAÇÃO - BACHARELADO
ALUNO_2030;ADMINISTRAÇÃO - BACHARELADO
ALUNO_2031;ADMINISTRAÇÃO - BACHARELADO
ALUNO_2032;ADMINISTRAÇÃO - BACHARELADO
ALUNO_2033;ADMINISTRAÇÃO - BACHARELADO
ALUNO_2034;ADMINISTRAÇÃO - BACHARELADO
ALUNO_2035;ADMINISTRAÇÃO - BACHARELADO
ALUNO_2036;ADMINISTRAÇÃO - BACHARELADO
ALUNO_2037;ADMINISTRAÇÃO - BACHARELADO
ALUNO_2038;ADMINISTRAÇÃO - BACHARELADO
ALUNO_2039;ADMINISTRAÇÃO - BACHARELADO
ALUNO_2040;ADMINISTRAÇÃO - BACHARELADO
ALUNO_2041;ADMINISTRAÇÃO - BACHARELADO
ALUNO_2042;ADMINISTRAÇÃO - BACHARELADO
ALUNO_2043;ADMINISTRAÇÃO - BACHARELADO
ALUNO_2044;ADMINISTRAÇÃO - BACHARELADO
ALUNO_2045;ADMINISTRAÇÃO - BACHARELADO
ALUNO_2046;ADMINISTRAÇÃO - BACHARELADO
ALUNO_2047;ADMINISTRAÇÃO - BACHARELADO
ALUNO_2048;ADMINISTRAÇÃO - BACHARELADO
ALUNO_2049;ADMINISTRAÇÃO - BACHARELADO
ALUNO_2050;ADMINISTRAÇÃO - BACHARELADO
ALUNO_2051;ADMINISTRAÇÃO - BACHARELADO
ALUNO_2052;HISTÓRIA - LICENCIATURA
ALUNO_2053;HISTÓRIA - LICENCIATURA
ALUNO_2054;HISTÓRIA - LICENCIATURA
ALUNO_2055;HISTÓRIA - LICENCIATURA
ALUNO_2056;HISTÓRIA - LICENCIATURA
ALUNO_2057;HISTÓRIA - LICENCIATURA
ALUNO_2058;HISTÓRIA - LICENCIATURA
ALUNO_2059;HISTÓRIA - LICENCIATURA
ALUNO_2060;HISTÓRIA - LICENCIATURA
ALUNO_2061;HISTÓRIA - LICENCIATURA
ALUNO_2062;HISTÓRIA - LICENCIATURA
ALUNO_2063;HISTÓRIA - LICENCIATURA
ALUNO_2064;HISTÓRIA - LICENCIATURA
ALUNO_2065;HISTÓRIA - LICENCIATURA
ALUNO_2066;HISTÓRIA - LICENCIATURA
ALUNO_2067;HISTÓRIA - LICENCIATURA
ALUNO_2068;HISTÓRIA - LICENCIATURA
ALUNO_2069;HISTÓRIA - LICENCIATURA
ALUNO_2070;HISTÓRIA - LICENCIATURA
ALUNO_2071;HISTÓRIA - LICENCIATURA
ALUNO_2072;HISTÓRIA - LICENCIATURA
ALUNO_2073;HISTÓRIA - LICENCIATURA
ALUNO_2074;HISTÓRIA - LICENCIATURA
ALUNO_2075;HISTÓRIA - LICENCIATURA
ALUNO_2076;HISTÓRIA - LICENCIATURA
ALUNO_2077;HISTÓRIA - LICENCIATURA
ALUNO_2078;HISTÓRIA - LICENCIATURA
ALUNO_2079;HISTÓRIA - LICENCIATURA
ALUNO_2080;HISTÓRIA - LICENCIATURA
ALUNO_2081;HISTÓRIA - LICENCIATURA
ALUNO_2082;HISTÓRIA - LICENCIATURA
ALUNO_2083;HISTÓRIA - LICENCIATURA
ALUNO_2084;HISTÓRIA - LICENCIATURA
ALUNO_2085;HISTÓRIA - LICENCIATURA
ALUNO_2086;HISTÓRIA - LICENCIATURA
ALUNO_2087;HISTÓRIA - LICENCIATURA
ALUNO_2088;HISTÓRIA - LICENCIATURA
ALUNO_2089;HISTÓRIA - LICENCIATURA
ALUNO_2090;HISTÓRIA - LICENCIATURA
ALUNO_2091;HISTÓRIA - LICENCIATURA
ALUNO_2092;HISTÓRIA - LICENCIATURA
ALUNO_2093;HISTÓRIA - LICENCIATURA
ALUNO_2094;HISTÓRIA - LICENCIATURA
ALUNO_2095;HISTÓRIA - LICENCIATURA
ALUNO_2096;HISTÓRIA - LICENCIATURA
ALUNO_2097;HISTÓRIA - LICENCIATURA
ALUNO_2098;HISTÓRIA - LICENCIATURA
ALUNO_2099;HISTÓRIA - LICENCIATURA
ALUNO_2100;HISTÓRIA - LICENCIATURA
ALUNO_2101;HISTÓRIA - LICENCIATURA
ALUNO_2102;HISTÓRIA - LICENCIATURA
ALUNO_2103;HISTÓRIA - LICENCIATURA
ALUNO_2104;HISTÓRIA - LICENCIATURA
ALUNO_2105;HISTÓRIA - LICENCIATURA
ALUNO_2106;HISTÓRIA - LICENCIATURA
ALUNO_2107;HISTÓRIA - LICENCIATURA
ALUNO_2108;HISTÓRIA - LICENCIATURA
ALUNO_2109;HISTÓRIA - LICENCIATURA
ALUNO_2110;HISTÓRIA - LICENCIATURA
ALUNO_2111;HISTÓRIA - LICENCIATURA
ALUNO_2112;HISTÓRIA - LICENCIATURA
ALUNO_2113;HISTÓRIA - LICENCIATURA
ALUNO_2114;HISTÓRIA - LICENCIATURA
ALUNO_2115;HISTÓRIA - LICENCIATURA
ALUNO_2116;LETRAS - PORTUGUÊS/LITERATURAS - LICENCIATURA
ALUNO_2117;LETRAS - PORTUGUÊS/LITERATURAS - LICENCIATURA
ALUNO_2118;LETRAS - PORTUGUÊS/ESPANHOL/LITERATURAS - LICENCIATURA
ALUNO_2119;LETRAS - PORTUGUÊS/ESPANHOL/LITERATURAS - LICENCIATURA
ALUNO_2120;GEOGRAFIA - LICENCIATURA
ALUNO_2121;MATEMÁTICA - LICENCIATURA
ALUNO_2122;MATEMÁTICA - LICENCIATURA
ALUNO_2123;MATEMÁTICA - LICENCIATURA
ALUNO_2124;MATEMÁTICA - LICENCIATURA
ALUNO_2125;MATEMÁTICA - LICENCIATURA
ALUNO_2126;MATEMÁTICA - LICENCIATURA
ALUNO_2127;MATEMÁTICA - LICENCIATURA
ALUNO_2128;MATEMÁTICA APLICADA E COMPUTACIONAL - BACHARELADO
ALUNO_2129;MATEMÁTICA APLICADA E COMPUTACIONAL - BACHARELADO
ALUNO_2130;MATEMÁTICA APLICADA E COMPUTACIONAL - BACHARELADO
ALUNO_2131;MATEMÁTICA APLICADA E COMPUTACIONAL - BACHARELADO
ALUNO_2132;GEOGRAFIA - LICENCIATURA
ALUNO_2133;MATEMÁTICA - LICENCIATURA
ALUNO_2134;GEOGRAFIA - LICENCIATURA
ALUNO_2135;GEOGRAFIA - LICENCIATURA
ALUNO_2136;DIREITO - BACHARELADO
ALUNO_2137;DIREITO - BACHARELADO
ALUNO_2138;HISTÓRIA - LICENCIATURA
ALUNO_2139;PEDAGOGIA - LICENCIATURA
ALUNO_2140;PEDAGOGIA - LICENCIATURA
ALUNO_2141;PEDAGOGIA - LICENCIATURA
ALUNO_2142;PEDAGOGIA - LICENCIATURA
ALUNO_2143;PEDAGOGIA - LICENCIATURA
ALUNO_2144;CIÊNCIAS ECONÔMICAS - BACHARELADO
ALUNO_2145;CIÊNCIAS ECONÔMICAS - BACHARELADO
ALUNO_2146;CIÊNCIAS ECONÔMICAS - BACHARELADO
ALUNO_2147;CIÊNCIAS ECONÔMICAS - BACHARELADO
ALUNO_2148;CIÊNCIAS ECONÔMICAS - BACHARELADO
ALUNO_2149;CIÊNCIAS ECONÔMICAS - BACHARELADO
ALUNO_2150;CIÊNCIAS ECONÔMICAS - BACHARELADO
ALUNO_2151;CIÊNCIAS ECONÔMICAS - BACHARELADO
ALUNO_2152;CIÊNCIAS ECONÔMICAS - BACHARELADO
ALUNO_2153;CIÊNCIAS ECONÔMICAS - BACHARELADO
ALUNO_2154;CIÊNCIAS ECONÔMICAS - BACHARELADO
ALUNO_2155;CIÊNCIAS ECONÔMICAS - BACHARELADO
ALUNO_2156;CIÊNCIAS ECONÔMICAS - BACHARELADO
ALUNO_2157;CIÊNCIAS ECONÔMICAS - BACHARELADO
ALUNO_2158;CIÊNCIAS ECONÔMICAS - BACHARELADO
ALUNO_2159;CIÊNCIAS ECONÔMICAS - BACHARELADO
ALUNO_2160;CIÊNCIAS ECONÔMICAS - BACHARELADO
ALUNO_2161;CIÊNCIAS ECONÔMICAS - BACHARELADO
ALUNO_2162;CIÊNCIAS ECONÔMICAS - BACHARELADO
ALUNO_2163;CIÊNCIAS ECONÔMICAS - BACHARELADO
ALUNO_2164;CIÊNCIAS ECONÔMICAS - BACHARELADO
ALUNO_2165;CIÊNCIAS ECONÔMICAS - BACHARELADO
ALUNO_2166;CIÊNCIAS ECONÔMICAS - BACHARELADO
ALUNO_2167;CIÊNCIAS ECONÔMICAS - BACHARELADO
ALUNO_2168;CIÊNCIAS ECONÔMICAS - BACHARELADO
ALUNO_2169;CIÊNCIAS ECONÔMICAS - BACHARELADO
ALUNO_2170;CIÊNCIAS ECONÔMICAS - BACHARELADO
ALUNO_2171;CIÊNCIAS ECONÔMICAS - BACHARELADO
ALUNO_2172;CIÊNCIAS ECONÔMICAS - BACHARELADO
ALUNO_2173;CIÊNCIAS ECONÔMICAS - BACHARELADO
ALUNO_2174;CIÊNCIAS ECONÔMICAS - BACHARELADO
ALUNO_2175;CIÊNCIAS ECONÔMICAS - BACHARELADO
ALUNO_2176;CIÊNCIAS ECONÔMICAS - BACHARELADO
ALUNO_2177;CIÊNCIAS ECONÔMICAS - BACHARELADO
ALUNO_2178;CIÊNCIAS ECONÔMICAS - BACHARELADO
ALUNO_2179;CIÊNCIAS ECONÔMICAS - BACHARELADO
ALUNO_2180;CIÊNCIAS ECONÔMICAS - BACHARELADO
ALUNO_2181;CIÊNCIAS ECONÔMICAS - BACHARELADO
ALUNO_2182;CIÊNCIAS ECONÔMICAS - BACHARELADO
ALUNO_2183;CIÊNCIAS ECONÔMICAS - BACHARELADO
ALUNO_2184;CIÊNCIAS ECONÔMICAS - BACHARELADO
ALUNO_2185;CIÊNCIAS ECONÔMICAS - BACHARELADO
ALUNO_2186;CIÊNCIAS ECONÔMICAS - BACHARELADO
ALUNO_2187;CIÊNCIAS ECONÔMICAS - BACHARELADO
ALUNO_2188;CIÊNCIAS ECONÔMICAS - BACHARELADO
ALUNO_2189;CIÊNCIAS ECONÔMICAS - BACHARELADO
ALUNO_2190;CIÊNCIAS ECONÔMICAS - BACHARELADO
ALUNO_2191;CIÊNCIAS ECONÔMICAS - BACHARELADO
ALUNO_2192;CIÊNCIAS ECONÔMICAS - BACHARELADO
ALUNO_2193;CIÊNCIAS ECONÔMICAS - BACHARELADO
ALUNO_2194;CIÊNCIAS ECONÔMICAS - BACHARELADO
ALUNO_2195;CIÊNCIAS ECONÔMICAS - BACHARELADO
ALUNO_2196;CIÊNCIAS ECONÔMICAS - BACHARELADO
ALUNO_2197;CIÊNCIAS ECONÔMICAS - BACHARELADO
ALUNO_2198;CIÊNCIAS ECONÔMICAS - BACHARELADO
ALUNO_2199;TURISMO - BACHARELADO
ALUNO_2200;TURISMO - BACHARELADO
ALUNO_2201;TURISMO - BACHARELADO
ALUNO_2202;TURISMO - BACHARELADO
ALUNO_2203;TURISMO - BACHARELADO
ALUNO_2204;TURISMO - BACHARELADO
ALUNO_2205;TURISMO - BACHARELADO
ALUNO_2206;TURISMO - BACHARELADO
ALUNO_2207;TURISMO - BACHARELADO
ALUNO_2208;TURISMO - BACHARELADO
ALUNO_2209;TURISMO - BACHARELADO
ALUNO_2210;TURISMO - BACHARELADO
ALUNO_2211;TURISMO - BACHARELADO
ALUNO_2212;TURISMO - BACHARELADO
ALUNO_2213;TURISMO - BACHARELADO
ALUNO_2214;TURISMO - BACHARELADO
ALUNO_2215;TURISMO - BACHARELADO
ALUNO_2216;TURISMO - BACHARELADO
ALUNO_2217;TURISMO - BACHARELADO
ALUNO_2218;TURISMO - BACHARELADO
ALUNO_2219;TURISMO - BACHARELADO
ALUNO_2220;TURISMO - BACHARELADO
ALUNO_2221;TURISMO - BACHARELADO
ALUNO_2222;TURISMO - BACHARELADO
ALUNO_2223;TURISMO - BACHARELADO
ALUNO_2224;TURISMO - BACHARELADO
ALUNO_2225;TURISMO - BACHARELADO
ALUNO_2226;TURISMO - BACHARELADO
ALUNO_2227;TURISMO - BACHARELADO
ALUNO_2228;TURISMO - BACHARELADO
ALUNO_2229;TURISMO - BACHARELADO
ALUNO_2230;TURISMO - BACHARELADO
ALUNO_2231;TURISMO - BACHARELADO
ALUNO_2232;TURISMO - BACHARELADO
ALUNO_2233;TURISMO - BACHARELADO
ALUNO_2234;TURISMO - BACHARELADO
ALUNO_2235;TURISMO - BACHARELADO
ALUNO_2236;TURISMO - BACHARELADO
ALUNO_2237;TURISMO - BACHARELADO
ALUNO_2238;TURISMO - BACHARELADO
ALUNO_2239;TURISMO - BACHARELADO
ALUNO_2240;TURISMO - BACHARELADO
ALUNO_2241;TURISMO - BACHARELADO
ALUNO_2242;PEDAGOGIA - LICENCIATURA
ALUNO_2243;PEDAGOGIA - LICENCIATURA
ALUNO_2244;PEDAGOGIA - LICENCIATURA
ALUNO_2245;PEDAGOGIA - LICENCIATURA
ALUNO_2246;PEDAGOGIA - LICENCIATURA
ALUNO_2247;ADMINISTRAÇÃO - BACHARELADO
ALUNO_2248;ADMINISTRAÇÃO - BACHARELADO
ALUNO_2249;ADMINISTRAÇÃO - BACHARELADO
ALUNO_2250;ADMINISTRAÇÃO - BACHARELADO
ALUNO_2251;ADMINISTRAÇÃO - BACHARELADO
ALUNO_2252;ADMINISTRAÇÃO - BACHARELADO
ALUNO_2253;ADMINISTRAÇÃO - BACHARELADO
ALUNO_2254;ADMINISTRAÇÃO - BACHARELADO
ALUNO_2255;ADMINISTRAÇÃO - BACHARELADO
ALUNO_2256;ADMINISTRAÇÃO - BACHARELADO
ALUNO_2257;ADMINISTRAÇÃO - BACHARELADO
ALUNO_2258;ADMINISTRAÇÃO - BACHARELADO
ALUNO_2259;HISTÓRIA - LICENCIATURA
ALUNO_2260;HISTÓRIA - LICENCIATURA
ALUNO_2261;HISTÓRIA - LICENCIATURA
ALUNO_2262;HISTÓRIA - LICENCIATURA
ALUNO_2263;HISTÓRIA - LICENCIATURA
ALUNO_2264;HISTÓRIA - LICENCIATURA
ALUNO_2265;HISTÓRIA - LICENCIATURA
ALUNO_2266;HISTÓRIA - LICENCIATURA
ALUNO_2267;HISTÓRIA - LICENCIATURA
ALUNO_2268;HISTÓRIA - LICENCIATURA
ALUNO_2269;HISTÓRIA - LICENCIATURA
ALUNO_2270;HISTÓRIA - LICENCIATURA
ALUNO_2271;HISTÓRIA - LICENCIATURA
ALUNO_2272;HISTÓRIA - LICENCIATURA
ALUNO_2273;HISTÓRIA - LICENCIATURA
ALUNO_2274;HISTÓRIA - LICENCIATURA
ALUNO_2275;CIÊNCIAS ECONÔMICAS - BACHARELADO
ALUNO_2276;CIÊNCIA DA COMPUTAÇÃO - BACHARELADO
ALUNO_2277;MATEMÁTICA - LICENCIATURA
ALUNO_2278;MATEMÁTICA APLICADA E COMPUTACIONAL - BACHARELADO
ALUNO_2279;CIÊNCIA DA COMPUTAÇÃO - BACHARELADO
ALUNO_2280;CIÊNCIA DA COMPUTAÇÃO - BACHARELADO
ALUNO_2281;GEOGRAFIA - LICENCIATURA
ALUNO_2282;GEOGRAFIA - LICENCIATURA
ALUNO_2283;GEOGRAFIA - LICENCIATURA
ALUNO_2284;TURISMO - BACHARELADO
ALUNO_2285;TURISMO - BACHARELADO
ALUNO_2286;CIÊNCIAS ECONÔMICAS - BACHARELADO
ALUNO_2287;CIÊNCIAS ECONÔMICAS - BACHARELADO
ALUNO_2288;CIÊNCIAS ECONÔMICAS - BACHARELADO
ALUNO_2289;CIÊNCIAS ECONÔMICAS - BACHARELADO
ALUNO_2290;CIÊNCIAS ECONÔMICAS - BACHARELADO
ALUNO_2291;CIÊNCIAS ECONÔMICAS - BACHARELADO
ALUNO_2292;CIÊNCIAS ECONÔMICAS - BACHARELADO
ALUNO_2293;CIÊNCIAS ECONÔMICAS - BACHARELADO
ALUNO_2294;CIÊNCIAS ECONÔMICAS - BACHARELADO
ALUNO_2295;CIÊNCIAS ECONÔMICAS - BACHARELADO
ALUNO_2296;TURISMO - BACHARELADO
ALUNO_2297;TURISMO - BACHARELADO
ALUNO_2298;TURISMO - BACHARELADO
ALUNO_2299;MATEMÁTICA - LICENCIATURA
ALUNO_2300;LETRAS - PORTUGUÊS/LITERATURAS - LICENCIATURA
ALUNO_2301;PEDAGOGIA - LICENCIATURA
ALUNO_2302;HISTÓRIA - LICENCIATURA
ALUNO_2303;MATEMÁTICA - LICENCIATURA
ALUNO_2304;ADMINISTRAÇÃO - BACHARELADO
ALUNO_2305;ADMINISTRAÇÃO - BACHARELADO
ALUNO_2306;ADMINISTRAÇÃO - BACHARELADO
ALUNO_2307;ADMINISTRAÇÃO - BACHARELADO
ALUNO_2308;CIÊNCIAS ECONÔMICAS - BACHARELADO
ALUNO_2309;ADMINISTRAÇÃO - BACHARELADO
ALUNO_2310;ADMINISTRAÇÃO - BACHARELADO
ALUNO_2311;ADMINISTRAÇÃO - BACHARELADO
ALUNO_2312;HISTÓRIA - LICENCIATURA
ALUNO_2313;LETRAS - PORTUGUÊS/LITERATURAS - LICENCIATURA
ALUNO_2314;LETRAS - PORTUGUÊS/LITERATURAS - LICENCIATURA
ALUNO_2315;LETRAS - PORTUGUÊS/ESPANHOL/LITERATURAS - LICENCIATURA
ALUNO_2316;LETRAS - PORTUGUÊS/ESPANHOL/LITERATURAS - LICENCIATURA
ALUNO_2317;LETRAS - PORTUGUÊS/ESPANHOL/LITERATURAS - LICENCIATURA
ALUNO_2318;HISTÓRIA - LICENCIATURA
ALUNO_2319;HISTÓRIA - LICENCIATURA
ALUNO_2320;HISTÓRIA - LICENCIATURA
ALUNO_2321;HISTÓRIA - LICENCIATURA
ALUNO_2322;HISTÓRIA - LICENCIATURA
ALUNO_2323;HISTÓRIA - LICENCIATURA
ALUNO_2324;HISTÓRIA - LICENCIATURA
ALUNO_2325;HISTÓRIA - LICENCIATURA
ALUNO_2326;HISTÓRIA - LICENCIATURA
ALUNO_2327;HISTÓRIA - LICENCIATURA
ALUNO_2328;HISTÓRIA - LICENCIATURA
ALUNO_2329;HISTÓRIA - LICENCIATURA
ALUNO_2330;HISTÓRIA - LICENCIATURA
ALUNO_2331;MATEMÁTICA - LICENCIATURA
ALUNO_2332;MATEMÁTICA - LICENCIATURA
ALUNO_2333;MATEMÁTICA - LICENCIATURA
ALUNO_2334;DIREITO - BACHARELADO
ALUNO_2335;GEOGRAFIA - LICENCIATURA
ALUNO_2336;CIÊNCIAS ECONÔMICAS - BACHARELADO
ALUNO_2337;PEDAGOGIA - LICENCIATURA
ALUNO_2338;PEDAGOGIA - LICENCIATURA
ALUNO_2339;PEDAGOGIA - LICENCIATURA
ALUNO_2340;CIÊNCIAS ECONÔMICAS - BACHARELADO
ALUNO_2341;CIÊNCIAS ECONÔMICAS - BACHARELADO
ALUNO_2342;HISTÓRIA - LICENCIATURA
ALUNO_2343;HISTÓRIA - LICENCIATURA
ALUNO_2344;HISTÓRIA - LICENCIATURA
ALUNO_2345;HISTÓRIA - LICENCIATURA
ALUNO_2346;HISTÓRIA - LICENCIATURA
ALUNO_2347;HISTÓRIA - LICENCIATURA
ALUNO_2348;HISTÓRIA - LICENCIATURA
ALUNO_2349;HISTÓRIA - LICENCIATURA
ALUNO_2350;HISTÓRIA - LICENCIATURA
ALUNO_2351;HISTÓRIA - LICENCIATURA
ALUNO_2352;HISTÓRIA - LICENCIATURA
ALUNO_2353;HISTÓRIA - LICENCIATURA
ALUNO_2354;HISTÓRIA - LICENCIATURA
ALUNO_2355;HISTÓRIA - LICENCIATURA
ALUNO_2356;HISTÓRIA - LICENCIATURA
ALUNO_2357;HISTÓRIA - LICENCIATURA
ALUNO_2358;MATEMÁTICA APLICADA E COMPUTACIONAL - BACHARELADO
ALUNO_2359;MATEMÁTICA APLICADA E COMPUTACIONAL - BACHARELADO
